batch_pred,batch_y
9.255606,9.9804945
9.482261,10.768506
8.924628,11.002116
9.0992775,9.975855
9.389339,10.308986
9.210233,10.175459
9.155199,10.308986
9.356847,10.819798
9.154238,10.308986
9.5075,10.859018
9.228848,10.532123
9.438292,10.532123
9.167433,10.463132
9.534985,10.021315
9.389504,10.126671
9.468136,9.903538
9.293618,10.221977
9.202526,10.59666
9.313349,10.021315
9.434299,10.915107
9.375487,10.532123
9.359564,10.657283
9.219428,10.621157
9.259789,10.8685875
9.211359,10.818197
9.539011,10.043293
9.487246,10.275085
9.49491,10.068663
9.449786,9.811427
9.467286,10.59666
9.206847,10.325515
9.336324,11.225244
9.533354,10.463103
9.53564,10.463103
9.473705,11.082143
9.507497,11.225244
9.379334,10.714417
9.420428,10.463103
9.463155,10.463103
9.2407055,10.463103
9.445533,10.463103
9.422523,10.463103
9.497099,10.463103
9.477647,11.082143
9.486074,11.082143
9.310814,10.463103
9.297009,9.999752
9.396001,10.341775
9.548428,11.279744
9.498653,10.221977
9.295166,9.952325
9.483567,9.923339
9.419764,10.71444
9.450671,9.711176
9.400969,11.359786
9.540341,10.220376
9.530084,10.477316
9.434918,9.975855
9.434296,9.975855
9.467095,9.680407
9.544728,10.491302
9.518478,10.043293
9.475742,10.221977
9.451138,11.112463
9.165642,9.680407
9.3161955,10.041117
9.430167,9.975855
9.492921,10.532123
9.468203,10.59666
9.449169,9.711176
9.48541,10.463132
9.406552,9.852247
9.396204,10.097779
9.468297,10.280999
9.307007,10.357775
9.494709,9.7981825
9.459626,10.280999
9.392503,9.852247
9.534015,11.279744
9.55168,10.021315
9.3621435,10.308986
9.509078,9.555701
9.347082,9.82558
9.453061,9.680407
9.385854,10.505095
9.464172,9.952325
9.543942,10.915107
9.345401,10.1849375
9.240808,10.819798
9.262076,10.609082
9.523758,9.998843
9.29702,10.077483
9.427336,10.165891
9.439752,10.021315
9.286647,10.913506
9.620691,9.765661
9.271834,9.64866
9.537427,9.528867
9.4472885,10.5764065
9.282055,8.922392
9.452272,10.491302
9.433961,10.511921
9.513104,10.292179
9.494861,9.615872
9.450258,9.975855
9.382468,10.71444
9.52299,10.257694
9.384081,11.462064
9.457633,10.021315
9.258247,10.434145
9.249772,9.998843
9.433847,10.341775
9.55881,10.573187
9.422335,9.7981825
9.510379,10.434145
9.560442,10.242848
9.54577,9.82558
9.484942,10.126671
9.527552,10.0533285
9.192144,10.126671
9.44625,11.238923
9.338574,10.308986
9.576735,10.363472
9.556022,10.257694
9.225458,10.043293
9.506543,9.711176
9.311543,9.7981825
9.419568,9.510519
9.490229,9.711176
9.525567,10.140337
9.399844,10.420166
9.188917,9.952325
9.483553,10.389026
9.367086,10.59666
9.5069065,10.532123
9.499776,9.741028
9.454394,9.770013
9.441774,10.747229
9.397322,10.71444
9.426236,9.82558
9.462197,10.71444
8.994652,10.064798
9.427389,10.165891
9.400131,10.71444
9.450405,10.71444
9.44686,10.532123
9.3998375,9.852668
9.564214,9.7981825
9.595037,10.021315
9.290488,10.163965
9.5337,10.0533285
9.446624,10.275085
9.523594,10.448744
9.599318,9.433564
9.565389,10.915107
9.429726,10.59666
9.5546465,9.82558
9.563513,9.734891
9.558309,10.819798
9.468145,10.2036295
9.542164,10.085851
9.485619,10.308986
9.508342,9.903538
9.495631,10.021315
9.479048,10.59666
9.302452,10.651147
9.2756195,10.819798
9.354703,10.165891
9.517978,9.839003
9.493504,10.329572
9.551409,10.0533285
9.458361,10.389026
9.542632,10.463132
9.325348,10.097779
9.4497795,10.915107
9.327143,10.021315
9.172437,10.645449
9.323572,10.097779
9.508861,9.66148
9.287456,9.680407
9.434237,9.975855
9.33649,10.71444
9.511034,10.463132
9.584623,9.903538
9.44509,10.165891
9.521295,9.952325
9.455157,10.064798
9.423678,10.657283
9.329953,10.532123
9.502131,9.510519
9.375672,10.657283
9.390276,9.711176
9.473212,11.156265
9.546205,9.765661
9.416953,10.165891
9.54912,9.998843
9.3306675,10.389026
9.543291,9.952325
9.422232,10.532123
9.569954,9.510519
9.50451,9.755626
9.453735,10.308986
9.183384,9.952325
9.432905,10.59666
9.333682,10.097779
9.487342,10.463132
9.430629,10.221977
9.492812,10.559582
9.3659,10.152338
9.579367,10.07538
9.260537,9.82558
9.398834,9.952325
9.433653,10.308986
9.396544,9.686637
9.283765,10.021315
9.350986,9.952325
9.264496,9.82558
9.200965,10.021315
9.55784,10.992066
9.106663,10.434145
9.395367,10.373523
9.50851,10.239996
9.42852,10.627431
9.547427,10.126671
9.389293,9.557541
9.396845,9.615872
9.318094,9.615872
9.434349,11.434975
9.228769,10.78934
9.466367,10.463103
9.311287,9.615872
9.556942,10.888838
9.374922,9.433564
9.46117,9.770013
9.455738,9.770013
9.46986,10.72549
9.325587,9.878221
9.429345,10.72549
9.466207,10.968216
9.486182,10.532123
9.385255,10.819798
9.384697,10.558439
9.46989,11.042938
9.300635,10.819798
9.233793,11.258046
9.491269,11.289794
9.236984,10.112451
9.381728,10.915107
9.496213,11.002116
9.376689,10.237779
9.500278,10.819798
9.509587,11.082158
9.511011,10.532123
9.329464,10.532363
9.477152,9.903538
9.388833,10.532123
9.419984,10.126671
9.507519,10.59666
9.051894,10.153195
9.438787,9.9804945
9.495339,9.952325
9.3452215,10.203592
9.431339,10.809748
9.507988,10.518701
9.413872,10.657283
9.460819,10.538767
9.259094,10.558439
9.305664,10.778977
9.60032,9.958023
9.487937,9.928229
9.141428,10.153195
9.318932,10.265349
9.486397,10.7987795
9.476325,10.691968
9.483526,10.571342
9.550924,9.852247
9.508299,10.045031
9.294214,10.855937
9.49172,10.389026
9.471217,11.407576
9.544671,10.389026
9.440918,10.239996
9.5643015,9.770013
9.480665,10.463132
9.527926,10.927394
9.562819,9.952325
9.364124,10.657283
9.476984,9.852247
9.417018,10.768506
9.48087,9.7981825
9.514041,10.657283
9.6044655,9.952325
9.118997,10.532123
9.441844,10.389026
9.419855,10.332702
9.40395,10.165891
9.346195,10.532123
9.421341,10.193991
9.500291,10.7987795
9.443966,9.711176
9.391429,10.389026
9.467937,9.741028
9.563101,10.907807
9.413712,10.275085
9.506598,10.249946
9.518984,10.085851
9.517159,10.819798
9.357791,10.809748
9.421843,10.357775
9.445067,10.308986
9.471853,10.448744
9.552774,10.162808
9.502082,10.628158
9.461482,10.532123
9.380525,10.357775
9.457615,10.1849375
9.074241,10.59666
9.568961,9.862718
9.464902,11.056603
9.52197,10.463132
9.372909,10.532123
9.324742,10.448744
9.44417,10.657283
9.568499,10.268166
9.48304,10.768506
9.540162,10.422311
9.53468,10.239996
9.4944725,9.472781
9.465856,10.064798
9.530478,10.1849375
9.426963,10.341775
9.422495,10.609082
9.497804,10.450481
9.479131,10.165891
9.540727,9.903538
9.568725,10.628158
9.463291,10.234265
9.465131,10.064798
9.5207205,10.332702
9.4005165,10.657283
9.500173,10.021315
9.451221,10.357775
9.477048,11.407576
9.169445,9.911506
9.354081,10.221977
9.280198,10.308986
9.552878,10.064798
9.507742,10.357775
9.56974,10.043293
9.531972,10.645449
8.808426,9.975855
9.451852,10.389026
9.207558,10.419331
9.500506,10.532123
9.537682,10.126671
9.393737,10.915107
9.611342,10.297251
9.452121,10.341775
9.472116,10.657283
9.411582,10.874286
9.550051,10.221977
9.454229,10.165891
9.398933,10.463132
9.277523,10.491302
9.338723,10.71444
9.421081,10.357775
9.524775,10.491302
9.216389,9.911506
9.519586,9.757363
9.370727,9.903538
9.419552,11.042938
9.3691225,10.657283
9.349894,10.657283
9.501103,10.505095
9.523369,10.085851
9.489205,10.389026
9.310077,10.959558
9.463137,10.275085
9.539563,10.221977
9.306819,9.964159
9.489061,10.275085
9.355159,11.082158
9.522891,10.045031
9.544791,10.021315
9.547601,10.389026
9.109003,10.404293
9.405992,10.275085
9.47627,11.156265
9.448188,10.332702
9.563979,10.389026
9.478858,10.126671
9.487063,10.002473
9.432698,10.633472
9.360653,10.2036295
9.407359,10.05608
9.458485,10.463132
9.380765,10.239996
9.379042,10.2036295
9.240882,11.002116
9.574473,10.463132
9.452715,10.532123
9.453201,10.532123
9.601088,9.536113
9.323764,10.021315
9.440764,10.234265
9.420552,10.657283
9.386159,10.308986
9.534053,10.71444
9.552547,10.1849375
9.41189,9.9804945
9.401076,10.463132
9.351649,10.818197
9.381535,10.68627
9.55442,10.239996
9.525234,9.741028
9.472464,10.085851
9.480466,9.903538
9.487979,10.308986
9.351695,10.126671
9.472282,10.221977
9.378175,10.1849375
9.520184,9.975855
9.59386,9.862718
9.473458,10.059679
9.519836,10.181157
9.503727,10.165891
9.322297,10.221977
9.496629,10.463132
9.581219,10.275085
9.39161,10.106469
9.487737,10.673619
9.319563,10.819798
9.478101,9.865318
9.477389,9.865318
9.466792,10.176601
9.431023,10.389026
9.39516,10.558439
9.393541,10.308986
9.477762,9.865318
9.480063,10.633472
9.558153,10.308986
9.451877,10.463132
9.224369,11.115443
9.437028,11.324196
9.55651,9.852247
9.549586,9.975855
9.324201,9.755626
9.301236,9.581973
9.48012,10.043293
9.375141,9.472781
9.512376,10.221977
9.442234,10.221977
9.498114,10.165891
9.504293,9.64866
9.495826,10.1849375
9.403435,10.463132
9.473992,10.239996
9.377245,10.1849375
9.402167,10.106469
9.574218,9.903538
9.43733,10.532123
9.441315,10.199175
9.366846,10.532123
9.459207,9.711176
9.411848,10.257694
9.480617,10.819798
9.290874,10.341775
9.416815,10.532123
9.278042,10.275085
9.527033,10.221977
9.471371,10.768506
9.284056,10.819798
9.350846,10.389026
9.489818,10.221977
9.45519,10.389026
9.305103,10.106469
9.357461,10.434145
9.544495,10.448744
9.448293,9.380168
9.353042,10.221977
9.437921,10.680539
9.524413,10.146473
9.483808,10.221977
9.403777,10.2036295
9.508554,10.404293
9.510611,10.106469
9.354469,10.021315
9.457672,10.389026
9.302568,10.221977
9.413837,10.268166
9.506444,10.59666
9.542158,10.819798
9.434401,10.419331
9.401737,10.59666
9.283202,10.021315
9.3743925,10.59666
9.388681,11.002116
9.509687,10.463132
9.368439,10.2036295
9.328182,10.657283
9.447876,10.357775
9.489585,10.275085
9.233519,10.633472
9.409275,10.308986
9.4116955,11.119898
9.372525,11.191356
9.294339,9.615872
9.383548,10.419331
9.162189,10.819798
9.394458,10.085851
9.48032,10.422579
9.348168,10.156229
9.569579,9.392745
9.568556,10.106469
9.597333,9.683776
9.533202,10.519889
9.598564,10.519889
9.500982,10.0299
9.535811,10.477316
9.597492,10.491302
9.568666,10.257694
9.523282,9.896614
9.532716,10.126671
9.416129,9.787123
9.486921,10.308986
9.567379,10.71444
9.567937,9.903538
9.489787,10.404293
9.599225,10.518701
9.56808,10.657283
9.455441,10.453082
9.403973,10.255165
9.602145,10.126671
9.523689,10.809748
9.498789,10.538767
9.569292,9.911506
9.564998,10.308986
9.495341,10.06951
9.043555,9.878221
9.432047,10.07538
9.464022,10.381243
9.300165,10.463132
9.431173,10.768506
9.524486,9.852247
9.522171,10.308986
9.384906,9.896614
9.55573,10.071287
9.465253,10.507913
9.536448,10.423917
9.292235,10.4174185
9.4272585,10.878066
9.534074,9.903538
9.50276,11.512936
9.558991,10.221977
9.369707,10.389026
9.488331,9.903538
9.4205475,10.292179
9.424447,10.2036295
9.421285,9.903538
9.402185,9.89096
9.490205,9.903538
9.386399,9.903538
9.502135,9.770013
9.373545,9.852247
9.43938,9.903538
9.445529,9.998843
9.450094,9.998843
9.157667,10.2036295
9.519532,9.770013
9.46468,9.770013
9.513468,9.839003
9.327189,9.528867
9.32466,9.528867
9.434843,9.903538
9.534865,10.59666
9.542534,9.615872
9.521581,9.878221
9.468253,10.239996
9.332022,10.959558
9.376384,11.407576
9.454946,11.119898
9.472128,11.407576
9.325483,11.407576
9.4378605,11.289794
9.425965,11.191356
9.367008,11.407576
9.546935,10.419331
9.532378,11.472114
9.453999,10.915107
9.558082,11.002116
9.459983,10.8685875
9.483475,11.119898
9.448703,10.8685875
9.413978,11.608245
9.534168,10.555839
9.19172,11.379406
9.316661,11.225257
9.604293,11.407576
9.429014,11.289794
9.299814,9.729194
9.108905,10.819798
9.413334,10.645449
9.3827305,10.819798
9.540991,11.320565
9.548958,10.768506
9.5238495,11.156265
9.464413,11.320565
9.45874,10.703267
9.561933,11.042938
9.37807,10.59666
9.3130245,11.350418
9.486616,10.915107
9.45544,10.657283
9.253641,10.59666
9.386828,11.042938
9.298793,11.191356
9.574724,10.768506
9.504663,11.156265
9.41113,10.545368
9.452118,10.308986
9.308773,11.156265
9.448888,10.819798
9.41394,11.156265
9.228945,11.002116
9.313694,10.933125
9.335481,10.268166
9.28018,10.268166
9.468168,10.308986
9.421684,10.758775
9.47958,11.060385
9.416435,11.407576
9.36575,11.002116
9.305692,11.380548
9.290376,11.184435
9.265863,9.862718
9.382765,10.085851
9.4619055,10.532123
9.482622,11.041337
9.397699,10.673619
9.518276,10.532123
9.518513,10.71444
9.562432,10.768506
9.499701,10.165891
9.523655,10.257694
9.451358,9.433564
9.464897,10.021315
9.443586,10.221977
9.426862,10.532123
9.441039,10.532123
9.560644,10.308986
9.553661,10.71444
9.52114,10.59666
9.40355,10.477316
9.517848,10.768506
9.497865,10.819798
9.537853,10.1849375
9.341988,10.532123
9.454864,10.2036295
9.463746,10.043293
9.585179,10.248884
9.561108,10.59666
9.4258175,10.043293
9.405807,10.142544
9.365943,10.491302
9.375213,10.308986
9.409867,10.221977
9.417125,10.021315
9.543738,11.004114
9.455074,10.308986
9.41305,11.258046
9.327048,11.082158
9.403032,9.964159
9.344556,11.320565
9.358869,11.042922
9.422402,11.042922
9.185098,11.379395
9.473569,11.042922
9.298437,11.042922
9.486713,11.379395
9.393221,11.379395
9.400584,11.042922
9.487642,11.042922
9.5428295,11.042922
9.45598,11.379395
9.275137,11.042922
9.35433,11.042922
9.264559,11.042922
9.467794,11.042922
9.494413,11.042922
9.503817,11.379395
9.37757,11.042922
9.486505,11.042922
9.268159,11.042922
9.403228,11.042922
9.314404,11.042922
9.395458,11.042922
9.557247,11.042922
9.477582,11.042922
9.33879,11.042922
9.503017,9.7981825
9.499043,10.389026
9.519094,11.002116
9.415212,10.085851
9.5155945,10.389026
9.45084,9.770013
9.473927,10.768506
9.475254,11.191356
9.548378,10.768506
9.554692,11.156265
9.559473,10.959558
9.594312,10.463132
9.550678,11.041337
9.60912,10.308986
9.530567,10.71444
9.146703,10.736419
9.165059,10.126671
9.477144,9.952325
9.479514,10.78934
9.448621,9.952325
9.390615,10.126671
9.237628,10.2036295
9.285433,10.357775
9.395755,10.491302
9.298028,10.819798
8.818271,9.975855
9.368087,10.59666
9.204715,10.2036295
9.521469,10.532123
9.500607,10.389026
9.4811735,10.221977
9.562586,10.768506
9.561122,9.928229
9.1144085,11.225257
9.1144085,11.225257
9.1144085,11.225257
9.242532,11.002116
9.1537075,11.002116
9.1537075,11.082158
9.548194,11.002116
9.568423,10.71444
9.55207,10.71444
9.47436,10.463132
9.396683,10.463132
9.55642,11.191356
9.385766,11.350418
9.371929,10.126671
9.404088,11.097425
9.523766,10.59666
9.565002,10.292179
9.507767,10.59666
9.562095,10.404293
9.526892,11.002116
9.538861,10.8685875
9.569192,9.615872
9.545593,9.878221
9.574111,10.768506
9.4938965,9.615872
9.510384,10.463132
9.541856,10.389026
9.552104,10.768506
9.464039,10.59666
9.500761,11.472114
9.499304,10.257694
9.534862,10.950824
9.368931,11.097425
9.29941,10.532123
9.537429,11.191356
9.465062,11.790565
9.573006,9.975855
9.374511,11.191356
9.542854,10.819798
9.485445,10.308986
9.580822,10.199175
9.572939,10.064798
9.539718,10.518701
9.568655,10.768506
9.516952,10.819798
9.499108,11.338584
9.513527,11.338584
9.514216,10.404293
9.487447,10.571342
9.534847,10.59666
9.481387,10.71444
9.493913,11.338584
9.504626,11.082158
9.548748,11.002116
9.530986,10.874286
9.484821,11.042938
9.576544,10.165891
9.27328,10.819798
9.541657,10.404293
9.50236,11.042938
9.547836,10.819798
9.415986,10.71444
9.514612,10.126671
9.387166,9.903538
9.49714,10.126671
9.453183,10.126671
9.40337,11.512936
9.408952,10.165891
9.426578,10.308986
9.51783,10.768506
9.390119,10.8685875
9.444374,10.389026
9.444106,10.389026
9.480494,10.71444
9.395653,10.657283
9.482044,10.59666
9.421559,10.8685875
9.572251,10.59666
9.200004,11.002116
9.3908,10.819798
9.561826,10.645449
9.597996,10.915107
9.543354,10.463132
9.568462,10.59666
9.553944,10.389026
9.562309,10.021315
9.520014,10.404293
9.482757,10.819798
9.438274,10.357775
9.551831,10.538767
9.388123,11.082158
9.330145,11.042938
9.367159,10.126671
9.530986,10.915107
9.562237,11.002116
9.524585,10.59666
9.478637,10.463132
9.41015,10.021315
9.427163,10.463132
9.421812,10.915107
9.499364,10.896758
9.45368,10.71444
9.508979,10.532123
9.527703,10.778977
9.523962,10.530521
9.29679,10.736419
9.339164,10.389026
9.456933,10.915107
9.4999695,10.221977
9.4694395,10.275085
9.3799925,10.165891
9.515323,10.389026
9.493821,10.450481
9.47913,10.768506
9.336434,11.002116
9.337596,10.915107
9.578424,10.768506
9.436252,10.532123
9.5357485,10.8685875
9.460601,11.082158
9.4837475,9.903538
9.397579,9.903538
9.284077,10.819798
9.371501,10.463132
9.558251,10.221977
9.434096,9.952325
9.519545,10.106469
9.48305,10.448744
9.427248,10.463132
9.586524,10.300954
9.559858,11.225257
9.550559,11.340012
9.570578,10.758775
9.516615,10.373523
9.475541,10.915107
9.427267,10.234265
9.363049,10.434145
9.585449,10.268166
9.49448,10.463132
9.362081,10.1849375
9.287428,11.14031
9.238011,11.104972
9.466962,10.463132
9.388992,10.959558
9.552587,10.393325
9.415949,10.156229
9.410052,10.71444
9.528137,10.915107
9.400938,11.289794
9.551479,10.8685875
9.356672,10.464274
9.538264,9.998843
9.549379,10.819798
9.508791,11.082158
9.493307,10.463132
9.500776,10.609082
9.511226,10.59666
9.115654,10.389026
9.523784,10.450481
9.518016,10.221977
9.405785,10.239996
9.503312,10.532123
9.418727,10.463132
9.358899,10.71444
9.447005,10.959558
9.407883,10.915107
9.443283,10.59666
9.370477,10.915107
9.541128,10.657283
9.486801,10.357775
9.390503,10.463132
9.4131565,9.82558
9.542441,10.532123
9.57916,10.959558
9.570475,10.758775
9.590473,11.184435
9.491174,9.998843
9.295804,10.915107
9.445102,10.532123
9.53844,10.787503
9.577761,10.59666
9.548052,10.657283
9.466913,10.532123
9.542157,10.71444
9.515173,10.8685875
9.462421,10.505095
9.418151,9.975855
9.529408,10.961295
9.529995,10.47788
9.458169,11.082128
9.361394,10.389026
9.41107,10.463132
9.451609,10.463132
9.5163965,10.257694
9.493242,10.404293
9.499028,10.71444
9.450449,11.042938
9.526056,10.819798
9.479523,10.146473
9.347983,11.082158
9.527077,10.325515
9.26596,10.463132
9.470925,10.8685875
9.56414,10.308986
9.396198,10.021315
9.516458,10.043293
9.390418,10.59666
9.366118,11.082158
9.531402,10.59666
9.553259,10.221977
9.278385,10.915107
9.522035,10.71444
9.518995,10.59666
9.447494,11.407576
9.350867,10.021315
9.453216,10.609082
9.561659,11.184435
9.471246,10.657283
9.459291,10.532123
9.414585,10.959558
9.460949,9.7981825
9.426271,10.691968
9.56134,10.651147
9.515818,10.12507
9.536633,10.450481
9.468538,10.419331
9.287127,11.002116
9.177797,10.71444
9.603639,10.558439
9.509094,10.532123
9.530226,10.532123
9.519218,10.239996
9.548571,10.126671
9.572741,10.555839
9.479072,10.71444
9.445522,10.896758
9.435109,10.251359
9.289599,9.433564
9.604758,10.571342
9.4294195,9.546884
9.362588,10.657283
9.239288,9.839003
9.543947,10.2036295
9.53105,10.373523
9.551613,10.325515
9.562601,10.165891
9.558051,10.085851
9.517919,10.2036295
9.309749,10.657283
9.509645,10.532123
9.459327,10.915107
9.420276,10.71444
9.515027,9.903538
9.287186,9.975855
9.516487,10.221977
9.405528,10.8685875
9.42571,11.512936
9.382425,9.839003
9.322979,9.839003
9.396068,10.165891
9.522725,10.68627
9.481089,10.59666
9.324633,11.225257
9.464175,11.320565
9.513371,10.8685875
9.348658,10.71444
9.495121,10.59666
9.373145,10.959558
9.37806,10.849357
9.588852,10.146473
9.508014,10.308986
9.396766,10.959558
9.493592,11.512936
9.361301,10.021315
9.43393,10.657283
9.572169,10.703267
9.558416,10.819798
9.496615,10.657283
9.539546,10.085851
9.528555,11.002116
9.516992,10.819798
9.462754,11.082158
9.519835,10.71444
9.573309,10.532123
9.523784,10.71444
9.487288,11.002116
9.39441,10.146473
9.245418,10.463132
9.39532,10.389026
9.082689,9.998843
9.037948,10.2036295
9.572372,10.532123
9.558377,10.633472
9.520106,10.645449
9.476648,10.463132
9.52817,11.115443
9.463329,10.819798
9.419998,10.373523
9.594883,10.959558
9.443163,9.573316
9.498801,9.528867
9.523273,10.448744
9.368271,10.064798
9.346972,11.119898
9.305471,9.852247
9.416152,9.975855
9.524187,9.903538
9.489547,9.928229
9.458988,9.7981825
9.383099,10.8685875
9.355087,11.002116
9.367715,10.463132
9.414727,10.657283
9.510773,10.165891
9.329122,10.532123
9.529078,10.308986
9.340965,10.156229
9.472333,10.389026
9.389738,10.389026
9.575986,10.389026
9.588465,9.852247
9.528415,9.878221
9.5305,10.463132
9.452167,10.275085
9.376959,11.289794
9.443023,10.8685875
9.427979,9.881804
9.481606,9.975855
9.396461,10.275085
9.497782,10.915107
9.545683,10.657283
9.340658,11.002116
9.243099,10.308986
9.4807625,10.809748
9.272241,10.59666
9.481366,11.002116
9.478148,10.607896
9.400547,10.505095
9.408465,9.573316
9.446778,9.528867
9.548238,11.082158
9.481759,9.615872
9.380725,9.852247
9.503322,10.221941
9.500131,10.455964
9.270735,10.59666
9.361705,10.657283
9.299351,10.308986
9.291564,10.239996
9.298737,11.042938
9.448409,9.998843
9.560073,9.82558
9.282792,10.389026
9.56536,10.308986
9.560007,10.463132
9.384467,10.308986
9.357501,11.002116
9.434513,10.768506
9.490959,10.165891
9.516398,10.146473
9.5218315,10.021315
9.579484,9.7981825
9.5046835,10.357775
9.347607,11.225257
9.375367,10.59666
9.477577,11.002116
9.401916,9.680407
9.427562,9.878221
9.507928,9.878221
9.279611,10.915107
9.248102,10.8685875
9.523626,9.975855
9.28292,9.878221
9.506981,9.928229
9.452841,9.998843
9.5331,9.7981825
9.378507,9.998843
9.5007105,9.770013
9.402026,10.126671
9.369486,9.6959095
9.5820265,10.1849375
9.533518,9.975855
9.409668,10.126671
9.577677,10.021315
9.348939,9.7981825
9.467758,10.463132
9.58437,9.741028
9.461237,10.373523
9.35668,10.126671
9.431767,10.2036295
9.31096,9.7981825
9.434682,9.806481
9.370418,11.082158
9.48816,9.975855
9.244003,10.126671
9.438437,10.325515
9.18717,9.680407
9.494385,10.2036295
9.449047,10.043293
9.244787,9.852247
9.472261,9.7981825
9.432099,9.878221
9.478587,10.021315
9.567457,10.064798
9.526348,9.680407
9.329605,9.680407
9.259892,9.711176
9.237389,9.680407
9.316237,9.510519
9.193175,9.7981825
9.38111,10.389026
9.341594,9.741028
9.316558,9.975855
9.478885,10.419331
9.317747,9.7981825
9.378895,10.043293
9.307152,10.126671
9.409246,10.165891
9.402745,10.389026
9.479498,9.711176
9.551303,9.64866
9.320084,10.085851
9.4994335,10.07116
9.497965,10.308986
9.407765,10.085851
9.494359,9.4697
9.398366,10.341775
9.584989,10.389026
9.373048,10.126671
9.456059,9.64866
9.2183895,10.126671
9.219653,9.711176
9.264213,9.64866
9.328845,9.711176
9.570621,10.463132
9.331268,9.680407
9.266611,9.770013
9.309283,9.903538
9.282369,9.581973
9.302493,10.064798
9.279679,9.998843
9.493979,9.4697
9.435656,9.862718
9.356325,10.1849375
9.494149,9.4697
9.494335,9.4697
9.386258,9.928229
9.241091,10.021315
9.268434,10.292179
9.417189,10.221977
9.267021,9.581973
9.380872,9.903538
9.262107,9.60245
9.295994,10.59666
9.509328,10.126671
9.482256,10.085851
9.353209,9.928229
9.323668,9.64866
9.369298,9.7981825
9.47294,10.021315
9.438999,9.770013
9.443849,10.126671
9.427605,10.505095
9.458855,9.852247
9.495726,10.657283
9.353793,10.463132
9.546673,9.903538
9.423078,10.126671
9.548082,10.221977
9.393727,9.975855
9.338755,9.903538
9.533444,9.903538
9.441804,10.085851
9.523745,10.221977
9.490866,10.463132
9.238621,10.126671
9.396612,9.541154
9.414273,9.784197
9.328984,9.903538
9.408376,10.221977
9.471585,9.680407
9.348518,9.852247
9.335477,9.903538
9.152462,10.165891
9.476148,10.71444
9.449942,11.119898
9.434783,10.221977
9.472283,10.357775
9.470998,10.373523
9.41373,10.064798
9.500952,9.903538
9.433213,10.59666
9.306996,10.463132
9.544022,10.152026
9.468174,10.221977
9.54774,10.126671
9.490263,9.546884
9.428354,9.510519
9.400878,9.546884
9.490325,10.419331
9.42191,9.878221
9.465241,10.571342
9.407412,9.546884
9.369641,9.554001
9.491415,10.021315
9.396995,9.546884
9.344748,11.407576
9.53656,9.928229
9.365899,10.239996
9.549145,10.389026
9.469676,11.1947975
9.478501,11.248973
9.396866,11.042938
9.522537,10.915107
9.434424,10.657283
9.430372,9.928229
9.55488,10.532123
9.456926,10.915107
9.542385,10.59666
9.43505,10.71444
9.574291,9.755626
9.470785,10.221977
9.405823,9.680407
9.485816,10.021315
9.416885,10.308986
9.522165,10.71444
9.495788,10.8685875
9.460056,9.7981825
9.523375,10.959558
9.421299,10.126671
9.488819,9.7981825
9.473988,10.126671
9.377312,9.770013
9.411244,9.770013
9.442304,10.668979
9.433507,9.903538
9.539775,9.770013
9.533379,10.357775
9.387757,10.463132
9.315402,9.793729
9.46566,9.928229
9.513172,11.002116
9.467695,10.021315
9.514382,9.711176
9.545059,10.768506
9.507711,10.768506
9.452493,10.71444
9.405975,10.59666
9.3412,9.964159
9.555579,9.680407
9.4957485,10.558439
9.383853,9.711176
9.296361,10.59666
9.381522,10.373523
9.126071,10.292179
9.291271,11.191356
9.418625,9.852247
9.327044,10.558439
9.561874,10.126671
9.486726,10.657283
9.592342,10.450481
9.533942,10.165891
9.067739,9.987415
9.067739,10.021315
9.555934,9.615872
9.481899,10.477316
9.461687,10.71444
9.5069,10.657283
9.244775,10.275085
9.500833,10.463132
9.355657,10.518701
9.449833,10.165891
9.462516,9.392745
9.506324,10.341775
9.556264,10.116621
9.406479,10.126671
9.579369,9.639587
9.55049,10.389026
9.57319,10.221977
9.431248,10.2036295
9.48876,10.292179
9.330576,10.308986
9.4852495,10.165891
9.6234255,10.028224
9.578394,9.911506
9.48634,9.711176
9.475701,11.119898
9.257908,10.915107
9.538323,9.998843
9.354904,9.584314
9.485436,10.2036295
9.355206,11.156265
9.563756,9.615872
9.46513,10.71444
9.551895,9.952325
9.473929,10.239996
9.578796,10.221977
9.58354,9.564583
9.501283,10.532123
9.4402,9.862718
9.470187,10.71444
9.514924,10.239996
9.481145,10.341775
9.460038,9.928229
9.523541,9.541154
9.3502445,9.575053
9.4396305,10.59666
9.507517,9.371694
9.485023,9.770013
9.384972,10.59666
9.492981,10.043293
9.269155,10.308986
9.510266,9.998843
9.460646,10.532123
9.475748,9.852247
9.515638,9.7981825
9.332243,10.308986
9.322427,10.126671
9.513862,10.59666
9.4528475,10.357775
9.586537,9.998843
9.572093,9.592264
9.294264,10.59666
9.500183,9.519515
9.4028635,10.126671
9.342117,10.021315
9.291641,10.819798
9.526648,10.532123
9.541631,10.558439
9.556468,9.506065
9.390998,9.770013
9.552244,10.915107
9.495087,10.463132
9.466857,10.021315
9.569282,10.555839
9.503663,10.532123
9.575684,10.335173
9.621564,9.506065
9.48627,10.308986
9.486946,10.498222
9.536706,9.639587
9.361588,10.657283
9.300686,10.275085
9.327068,10.532123
9.451568,9.928229
9.437114,10.59666
9.521029,10.393325
9.338239,10.59666
9.497931,9.159152
9.388895,10.165891
9.327425,9.998843
9.378383,10.768506
9.445945,11.002116
9.519926,10.959558
9.375561,10.221977
9.358014,10.874286
9.458962,10.064798
9.3975725,9.615672
9.136036,11.350418
9.441521,10.819798
9.384149,11.002116
9.325798,10.308986
9.397588,10.463132
9.587177,11.512936
9.329993,10.463132
9.378762,10.532123
9.447115,10.839601
9.373847,10.768506
9.494953,9.770013
9.518598,10.325515
9.374629,10.768506
9.490164,10.657283
9.422456,10.657283
9.501699,10.221977
9.502173,10.389026
9.380638,10.085851
9.301632,10.146473
9.257413,10.308986
9.462357,10.308986
9.493901,10.389026
9.462579,10.976799
9.365096,9.615872
9.476861,9.615872
9.349456,10.308986
9.4565935,10.021315
9.238667,11.002116
9.240711,11.002116
9.313944,10.165891
9.329236,9.903538
9.348198,10.389026
9.35471,10.308986
9.372532,10.59666
9.359486,9.852247
9.388655,10.043293
9.341619,9.7981825
9.296458,10.021315
9.560034,10.116621
9.482485,10.491302
9.113035,10.045031
9.424528,10.78934
9.4292965,10.308986
9.520335,10.463132
9.500022,10.59666
9.478969,10.621352
9.533128,9.64866
9.357786,10.621352
9.567464,9.952325
9.570011,10.308986
9.519298,10.571342
9.540507,10.434145
9.577786,10.59666
9.484785,9.998843
9.452597,10.8685875
9.292053,11.042938
9.362407,10.221977
9.368637,10.72549
9.446564,9.462266
9.525279,9.670357
9.511346,9.4697
9.445398,9.82558
9.481962,9.952325
9.378208,10.389026
9.4192,11.002116
9.520218,10.819798
9.561071,9.741028
9.614645,10.268166
9.474857,10.768506
9.562296,10.021315
9.258202,10.404293
9.525068,11.042938
9.578033,9.952325
9.280504,10.532123
9.335367,9.210441
9.4349785,10.657283
9.498359,10.389026
9.55618,9.952325
9.527138,11.233225
9.428062,10.1849375
9.491064,10.389026
9.509661,9.615872
9.393888,10.146473
9.419412,10.71444
9.396862,11.350418
9.32493,10.043293
9.549357,10.71444
9.526684,10.1849375
9.551151,9.9804945
9.578358,9.770013
9.525661,11.277216
9.47026,9.611664
9.416456,9.546884
9.38263,10.308986
9.387143,9.952325
9.563626,10.308986
9.421925,10.915107
9.386202,9.952325
9.53754,9.692828
9.520901,9.564232
9.29586,9.852247
9.277519,10.221977
9.421581,10.341775
9.389115,10.1849375
9.500107,10.221977
9.164046,10.463103
9.403163,10.043293
9.403314,10.043293
9.481902,10.389026
9.478412,10.532123
9.546014,10.275085
9.28788,10.126671
9.513017,10.389026
9.4122305,9.82558
9.305993,10.085851
9.22026,11.338584
9.4912195,10.463132
9.559235,10.2036295
9.538665,10.165891
9.531923,11.060385
9.451481,11.350418
9.546021,10.59666
9.542501,9.7981825
9.519986,11.350418
9.535184,9.82558
9.4563465,10.463132
9.499811,10.2036295
9.377225,10.532123
9.524358,10.915107
9.555559,10.491302
9.246244,10.057452
9.390623,10.71444
9.529069,11.350418
9.393811,10.961295
9.272961,10.657283
9.530183,10.085851
9.598272,10.12507
9.467884,10.021315
9.467591,11.225257
9.541784,10.199175
9.288408,10.532123
9.562306,10.021315
9.533453,10.419331
9.505976,10.064798
9.533434,11.248973
9.527465,10.106469
9.530083,10.373523
9.381836,10.657283
9.492988,11.289794
9.319619,9.7981825
9.536763,10.915107
9.31164,10.463132
9.503063,10.106469
9.452328,10.915107
9.406201,10.8685875
9.488219,10.768506
9.47436,10.915107
9.492945,10.389026
9.572775,10.959558
9.491757,9.639587
9.500093,10.221977
9.457268,11.086456
9.445184,10.633472
9.54256,10.332702
9.489755,10.308986
9.19735,10.819798
9.489488,10.341775
9.560777,9.903538
9.509862,9.7981825
9.089584,10.1849375
9.500649,10.7987795
9.422618,10.657283
9.529493,10.341775
9.513611,10.357775
9.401537,10.021315
9.105782,10.308986
9.505734,11.184435
9.401221,10.71444
9.394892,10.657283
9.5504465,9.82558
9.253393,10.768506
9.279748,10.463132
9.314864,10.71444
9.298704,10.126671
9.442422,9.64866
9.548178,9.680407
9.522938,9.741028
9.571866,9.998843
9.394656,10.532123
9.554239,9.952325
9.542671,9.82558
9.488718,9.800845
9.371554,10.768506
9.489435,10.558439
9.263787,11.320565
9.273212,10.645449
9.274062,10.257694
9.503647,10.717103
9.285289,10.915107
9.468846,10.59666
9.384071,10.085851
9.50531,10.308986
9.437017,10.005412
9.52466,10.389026
9.323275,11.225257
9.575658,9.878221
9.4549465,10.874286
9.5281,10.457401
9.49844,10.308986
9.472065,10.308986
9.40705,9.770013
9.411701,9.770013
9.27931,9.6959095
9.300993,10.085851
9.532888,10.457401
9.426581,11.082158
9.33944,10.221977
9.407554,10.532123
9.197637,10.463103
9.506028,10.71444
9.577223,9.928229
9.496752,10.221977
9.430501,10.463132
9.389393,10.308986
9.422094,9.770013
9.40391,9.82558
9.442026,10.71444
9.548759,10.341775
9.538537,10.688051
9.397885,10.59666
9.438622,9.82558
9.4310055,10.275085
9.352621,9.770013
9.487246,10.275085
9.337977,9.729194
9.530099,10.389026
9.567658,9.903538
9.537581,10.389026
9.497972,9.82558
9.357717,9.705097
9.4434805,10.545368
9.342124,9.729194
9.534268,10.126671
9.513477,10.768506
9.429556,10.71444
9.40374,10.221977
9.383331,10.819798
9.487019,10.021315
9.392727,9.392745
9.527714,10.434145
9.500844,10.657283
9.491274,10.106469
9.550827,10.404293
9.539538,10.021315
9.571515,9.700208
9.348817,9.541154
9.342289,10.308986
9.291706,10.085851
9.505478,10.357775
9.538296,9.852247
9.543684,9.7981825
9.440703,9.878221
9.500598,11.156265
9.559974,10.474495
9.17856,10.532123
9.288311,11.407576
9.471618,9.741028
9.449239,9.852247
9.252791,10.085851
9.449148,10.463132
9.29982,10.085851
9.393213,10.59666
9.283708,10.126671
9.54632,9.711176
9.434329,10.540091
9.532812,10.474495
9.559974,10.474495
9.410094,10.126671
9.333668,10.463132
9.446035,10.59666
9.297704,10.463132
9.454863,10.239996
9.612185,10.126671
9.576627,10.126671
9.4899845,10.308986
9.382379,9.575053
9.463793,9.729194
9.323267,9.575053
9.496239,10.292179
9.389629,10.491302
9.409721,11.407576
9.377602,9.65509
9.521265,10.308986
9.404461,10.165891
9.47608,10.221977
9.367659,9.852247
9.339818,9.928229
9.462411,10.571342
9.373521,9.64866
9.413128,10.747229
9.449575,10.71444
9.4655075,11.366755
9.392528,10.404293
9.356953,10.434145
9.339799,10.370393
9.536164,10.045031
9.460678,11.042938
9.4165745,10.59666
9.4249325,10.59666
9.333617,10.021315
9.264432,9.975855
9.289206,9.852247
9.343762,10.59666
9.551885,11.472114
9.542734,10.126671
9.557437,10.491302
9.420052,11.496806
9.3732815,10.126671
9.467352,11.512936
9.425487,10.213285
9.421918,10.20474
9.534249,10.385173
9.5586,11.041337
9.359684,10.308986
9.5394,9.903538
9.4664135,11.184435
9.560371,10.126671
9.464915,11.512936
9.544032,10.422311
9.499912,10.457401
9.512612,9.3843775
9.571726,10.225607
9.501035,8.722417
9.476572,9.575053
9.4730625,10.268166
9.373672,10.457401
9.371541,10.457401
9.439361,10.257694
9.46754,10.027473
9.446095,9.680407
9.4223585,10.280999
9.336688,9.575053
9.443813,9.399058
9.55748,9.542302
9.457573,9.093919
9.386425,10.901948
9.527054,9.66396
9.502277,9.621721
9.401446,10.23351
9.44074,10.917812
9.48833,11.082158
9.435952,10.23351
9.507034,11.082158
9.457633,11.002116
9.4557295,10.23351
9.45753,8.786762
9.302811,10.23351
9.404052,10.23351
9.459361,10.010366
9.440108,10.714973
9.548773,10.23351
9.127992,10.748776
9.417359,10.169767
9.583747,9.597913
9.441999,9.71764
9.536578,9.71764
9.52181,11.0260935
9.376423,10.457401
9.582759,9.583076
9.573944,9.406976
9.508108,10.754236
9.456628,9.583076
9.524095,9.2680435
9.515945,9.490167
9.570917,9.537844
9.552671,10.268166
9.398099,10.385944
9.468696,10.23351
9.405645,10.126671
9.441907,10.260008
9.478097,10.389026
9.234961,10.545368
9.389864,9.741028
9.45954,9.998843
9.488015,10.915107
9.563274,10.463132
9.43625,10.915107
9.470832,10.915107
9.475188,10.021315
9.448019,9.606765
9.397351,11.320565
9.381089,11.289794
9.329612,11.289794
9.30767,11.289794
9.447746,11.407576
9.41075,11.512936
9.518193,11.472114
9.283774,11.472114
9.453931,11.502885
9.52312,11.472114
9.416381,11.082158
9.416677,11.082158
9.3978,10.71444
9.499642,11.512936
9.490204,11.225257
9.563277,11.338584
9.49257,11.338584
9.565311,11.338584
9.570007,11.472114
9.34071,11.320565
9.377491,11.407576
9.441016,10.915107
9.502325,10.768506
9.561599,11.407576
9.444435,11.156265
9.48938,11.305299
9.2728,11.350418
9.368493,11.320565
9.319581,11.264477
9.495973,11.264477
9.292232,11.264477
9.37118,11.248973
9.570195,11.156265
9.579766,11.156265
9.469867,11.156265
9.392635,11.225257
9.552962,11.184435
9.521789,11.209127
9.307029,10.819798
9.360133,11.191356
9.295677,11.082158
9.3213215,11.225257
9.312326,11.082158
9.340802,11.184435
9.48873,11.184435
9.495489,11.097425
9.554416,11.050906
9.450386,11.156265
9.226797,11.156265
9.359108,10.819798
9.355101,11.082158
9.434294,11.156265
9.348491,10.915107
9.212302,11.119898
9.514362,11.002116
9.449221,11.082158
9.335412,11.082158
9.387932,10.71444
9.471773,10.819798
9.471852,10.819798
9.387453,10.71444
9.3907995,11.273665
9.589545,11.248973
9.319475,11.0023
9.572061,11.050906
9.311156,11.042938
9.285848,11.002116
9.385814,11.002116
9.461694,10.959558
9.460093,11.082158
9.366405,10.959558
9.477085,11.002116
9.107911,10.8685875
9.187074,10.959558
9.278141,10.915107
9.307386,10.915107
9.503483,10.849357
9.534955,11.002116
9.409497,10.71444
9.536919,10.819798
9.525304,10.896758
9.527054,10.915107
9.514606,10.959558
9.219755,10.8685875
9.445088,10.915107
9.339055,10.59666
9.524394,10.959558
9.372438,10.819798
9.523374,10.915107
9.399042,10.915107
9.362802,10.819798
9.254891,10.959558
9.290692,10.959558
9.313499,10.8685875
9.4174185,10.959558
9.45968,10.434145
9.444618,11.002116
9.482638,10.915107
9.501466,11.115443
9.445657,10.874286
9.440798,11.086456
9.469226,10.736419
9.559105,10.819798
9.384729,10.8685875
9.385007,10.8685875
9.496627,10.819798
9.426974,10.915107
9.426133,10.819798
9.384695,10.768506
9.45668,10.768506
9.540499,10.915107
9.298576,10.915107
9.3230295,10.819798
9.305524,10.819798
9.492673,10.915107
9.392749,10.819798
9.364506,10.819798
9.146042,10.221977
9.318428,10.419331
9.358806,10.8685875
9.568949,10.819798
9.368775,10.325515
9.566475,10.827766
9.528654,10.78934
9.40174,10.680539
9.3534975,10.989876
9.339061,10.609082
9.548065,10.819798
9.462552,10.71444
9.526406,10.657283
9.423101,10.308986
9.264282,10.558439
9.284651,10.819798
9.549132,10.532123
9.340914,10.59666
9.467779,10.768506
9.499287,10.691968
9.390383,10.71444
9.342695,10.691968
9.52426,10.819798
9.515354,10.463132
9.517408,10.463132
9.335563,10.532123
9.468609,10.71444
9.392578,10.657283
9.501703,10.799596
9.477137,10.819798
9.365674,10.1849375
9.365987,10.1849375
9.590978,10.477316
9.3289795,10.768506
9.341664,10.71444
9.398743,10.71444
9.360377,10.126671
9.314939,10.768506
9.405222,10.936975
9.556518,10.747229
9.316763,10.357775
9.370598,10.680539
9.577098,10.59666
9.279887,10.657283
9.343612,10.657283
9.56854,10.59666
9.259266,10.59666
9.545257,10.59666
9.498541,10.71444
9.3903675,10.71444
9.5468855,10.59666
9.449925,10.511921
9.304373,10.59666
9.261842,10.59666
9.318068,10.532123
9.448787,10.657283
9.37475,10.657283
9.555844,10.768506
9.352086,10.59666
9.409752,10.71444
9.517072,10.59666
9.374903,10.59666
9.567257,10.59666
9.147822,10.532123
9.453988,10.71444
9.28379,10.657283
9.551864,10.633472
9.399673,10.021315
9.134265,10.532123
9.521681,10.657283
9.28582,10.657283
9.302264,10.126671
9.496373,10.7232895
9.494389,10.657283
9.564623,10.385944
9.5247345,10.59666
9.287415,10.59666
9.328956,10.657283
9.490699,10.59666
9.535964,10.657283
9.502873,10.532123
9.5540905,9.472781
9.359816,10.657283
9.526219,10.59666
9.518623,10.59666
9.367496,10.657283
9.1903305,10.633472
9.431116,10.558439
9.467779,10.633472
9.388168,10.633472
9.430165,10.571342
9.520544,10.80033
9.542936,10.558439
9.379033,10.518701
9.524896,10.673619
9.488043,10.778977
9.534188,10.491302
9.1374,10.621352
9.467786,10.558439
9.535779,10.657283
9.373992,10.558439
9.512673,10.735636
9.458996,10.463132
9.410308,10.463132
9.539766,10.532123
9.517964,10.532123
9.493884,10.571342
9.337425,10.463132
9.458055,10.532123
9.381514,10.59666
9.524675,10.463132
9.322795,10.463132
9.54446,10.463132
9.393116,10.463132
9.434594,10.389026
9.528994,10.59666
9.51511,10.532123
9.521486,10.463132
9.399978,10.463132
9.190546,9.903538
9.297465,10.59666
9.281801,10.59666
9.251893,10.463132
9.502295,10.463132
9.443622,10.463132
9.536917,10.59666
9.214371,10.532123
9.481988,10.389026
9.499657,10.463132
9.44223,10.59666
9.275945,10.505095
9.2594,10.389026
9.439369,9.903538
9.470094,9.903538
9.432319,10.532123
9.336023,10.308986
9.513621,10.59666
9.282409,10.308986
9.56613,9.903538
9.434507,10.463132
9.382324,10.463132
9.503013,10.448744
9.4883795,10.505095
9.419664,10.505095
9.486931,10.545368
9.514143,10.545368
9.505384,10.545368
9.271915,10.463132
9.382693,10.477316
9.530457,10.66693
9.550328,10.419331
9.564178,10.477316
9.412838,10.491302
9.410934,10.491302
9.329255,10.488743
9.5066185,10.648871
9.3931055,10.648871
9.519616,10.648871
9.326181,10.648871
9.464077,10.463132
9.501242,10.434145
9.557448,10.404293
9.472203,10.338544
9.590821,10.491302
9.4421,10.325515
9.421903,10.404293
9.539942,10.463132
9.572051,10.657283
9.566353,10.275085
9.460954,11.082158
9.577488,10.434145
9.428019,10.768506
9.405516,10.308986
9.363099,9.975855
9.469663,10.463132
9.54375,10.463132
9.437241,9.546884
9.471684,9.510519
9.440665,11.002116
9.520042,10.59666
9.569869,10.308986
9.511898,9.546884
9.439658,10.389026
9.335965,11.002116
9.461097,10.1849375
9.487099,10.463132
9.528801,10.389026
9.346704,11.289794
9.55721,11.225257
9.387284,10.021315
9.267341,9.862718
9.5195875,10.71444
9.442726,10.389026
9.451416,10.389026
9.5285,10.448744
9.479449,10.463132
9.492416,10.419331
9.549419,10.389026
9.450805,10.389026
9.3755665,10.308986
9.254137,10.419331
9.526809,10.389026
9.406435,10.463132
9.3841505,10.239996
9.544363,10.389026
9.45937,10.463132
9.574316,10.463132
9.386498,10.292179
9.4213505,10.463132
9.475479,10.463132
9.487415,10.463132
9.243249,10.389026
9.413557,10.389026
9.419244,10.389026
9.572679,10.308986
9.264492,10.389026
9.387144,10.292179
9.579436,10.308986
9.357633,10.308986
9.451136,10.308986
9.515725,10.389026
9.573226,10.308986
9.530151,10.434145
9.561595,10.389026
9.512454,10.389026
9.382415,10.389026
9.324788,10.389026
9.193102,10.289973
9.45752,10.389026
9.40895,10.389026
9.251573,10.308986
9.544968,10.463132
9.559444,10.308986
9.443459,10.1849375
9.488567,10.389026
9.543992,10.463132
9.53225,10.373523
9.53679,10.275085
9.511438,10.434145
9.520835,10.434145
9.515148,10.357775
9.503276,10.357775
9.435922,10.357775
9.449451,10.275085
9.548276,10.308986
9.466178,10.165891
9.44095,10.126671
9.537611,10.308986
9.540339,10.1849375
9.423987,10.221977
9.533967,10.221977
9.251365,10.308986
9.486158,10.221977
9.50243,10.308986
9.476672,10.308986
9.4018955,10.308986
9.530781,10.275085
9.531357,10.239996
9.484964,10.318045
9.532079,10.165891
9.564971,10.1849375
9.468991,10.146473
9.451484,10.1849375
9.557166,10.239996
9.503692,10.1849375
9.507663,10.221977
9.521293,10.239996
9.436108,10.434145
9.494598,10.2036295
9.494017,10.1849375
9.54511,10.165891
9.553455,10.165891
9.545823,10.126671
9.417872,10.146473
9.549452,10.064798
9.412058,10.2036295
9.388582,10.146473
9.423401,10.165891
9.451442,10.126671
9.49904,10.126671
9.515356,10.064798
9.536519,10.085851
9.341938,10.043293
9.497277,10.126671
9.417585,10.064798
9.485273,9.770013
9.44611,9.770013
9.4226055,9.964159
9.396311,9.839003
9.515667,10.021315
9.463625,10.021315
9.538671,10.126671
9.454529,10.126671
9.471047,9.903538
9.533525,10.126671
9.448085,10.126671
9.473715,10.308986
9.583649,10.126671
9.366407,10.021315
9.419568,9.852247
9.508671,10.021315
9.408406,10.021315
9.347531,10.126671
9.533089,10.021315
9.581346,10.021315
9.530138,10.043293
9.418472,10.021315
9.491649,10.021315
9.469695,10.064798
9.470968,10.021315
9.433691,10.021315
9.482688,9.770013
9.552451,10.064798
9.507156,10.085851
9.439761,9.998843
9.575489,9.998843
9.459756,10.085851
9.369074,9.7981825
9.4638605,9.7981825
9.452439,9.998843
9.538936,10.021315
9.587138,10.043293
9.436894,9.7981825
9.414471,10.085851
9.47521,9.729194
9.491389,10.064798
9.42054,9.7981825
9.501133,10.05608
9.344508,9.975855
9.51235,9.921131
9.4607725,9.770013
9.57568,9.952325
9.450178,9.952325
9.451851,9.952325
9.336833,10.021315
9.401169,9.998843
9.463627,9.903538
9.365842,9.878221
9.427009,9.615872
9.419859,9.615872
9.524743,9.903538
9.515627,9.998843
9.34102,9.903538
9.538838,9.878221
9.426779,9.928229
9.517131,9.952325
9.146279,9.952325
9.517001,9.952325
9.575255,9.878221
9.488692,9.9223585
9.594923,10.06399
9.586992,9.911506
9.547909,9.903538
9.509797,9.878221
9.391341,9.770013
9.482227,10.221977
9.37507,9.903538
9.396431,9.680407
9.492152,9.903538
9.460761,9.903538
9.390007,9.903538
9.465773,9.903538
9.34113,9.769957
9.340896,9.741028
9.479551,9.741028
9.5449095,9.741028
9.458751,9.7981825
9.504276,9.7981825
9.426723,9.686637
9.381435,9.554001
9.471873,9.82558
9.438966,9.546884
9.431202,9.546884
9.493135,9.7981825
9.438603,9.7981825
9.5121,9.766694
9.464875,9.741028
9.377538,9.770013
9.450166,9.697447
9.570815,9.581973
9.496851,9.546884
9.443628,9.624303
9.471557,9.615872
9.5383215,9.615872
9.570356,9.510519
9.487653,9.615872
9.38513,10.357775
9.584074,9.488048
9.446498,9.510519
9.529619,9.546884
9.59336,9.510519
9.445084,9.453365
9.571618,9.601369
9.522681,9.587612
9.483889,9.159152
9.458546,11.181766
9.448199,9.218408
9.5623,10.863317
9.3649025,10.021315
9.393255,9.770013
9.477048,10.165891
9.452658,11.191356
9.405527,11.156265
9.518732,9.958023
9.547186,9.903538
9.55832,10.292179
9.373395,10.064798
9.504565,9.7981825
9.3820915,9.7981825
9.56235,9.903538
9.462768,9.903538
9.555338,9.615872
9.472319,10.463132
9.382404,9.615872
9.515302,9.903538
9.523514,9.615872
9.523308,10.126671
9.42026,10.126671
9.227036,9.210441
8.932263,9.350189
9.236219,8.9227915
9.006445,8.657129
9.395807,9.210441
9.101046,10.59666
9.096499,9.210441
9.539822,8.9227915
9.327664,8.9227915
9.206369,9.210441
9.40147,11.156265
9.4673605,11.225257
9.519988,10.268166
9.511134,10.268166
9.488328,10.275085
9.26788,9.903538
9.484103,9.998843
9.502522,10.457401
9.4850855,10.389026
9.486668,10.422311
9.445919,9.903538
9.540883,10.043293
9.483251,10.021315
9.381795,10.532363
9.3630295,9.966274
9.479356,10.621352
9.42303,10.876971
9.481212,10.343387
9.384823,10.06951
9.277764,9.621589
9.463586,11.156265
9.232123,10.408858
9.33744,10.603834
9.33744,10.535769
9.451715,10.383565
9.406479,10.029503
9.558487,9.492582
9.478945,10.25418
9.358041,10.59666
9.349135,10.59666
9.344135,10.59666
9.482863,11.225257
9.555422,11.461642
9.26383,10.463132
9.50672,11.512936
9.584805,10.915107
9.523473,10.71444
9.458519,11.082158
9.409576,10.71444
9.519379,9.685393
9.484018,10.8685875
9.444684,11.143614
9.570726,10.268166
9.504021,9.575053
9.400601,9.615872
9.611069,10.165891
9.491166,9.768412
9.476329,10.165891
9.461175,10.165891
9.492446,9.768412
9.497936,9.768412
9.431144,10.146473
9.561622,9.384714
9.558468,10.106469
9.53379,9.768412
9.471326,10.657283
9.453457,10.167811
9.532884,10.221977
9.55268,10.504547
9.238759,10.085851
9.524059,9.554143
9.448624,10.1849375
9.523769,9.554143
9.350827,10.234265
9.553061,10.504547
9.396624,10.146473
9.3952465,10.239996
9.311934,10.738156
9.549216,10.308986
9.231827,10.892303
9.303769,10.332702
9.325876,10.837245
9.482513,10.085851
9.345258,10.818197
9.554809,10.308986
9.343125,11.115443
9.278044,10.855937
9.394087,10.657283
9.4679,10.621352
9.576188,10.1849375
9.308705,10.651147
9.448824,10.778977
9.471946,10.778977
9.502135,10.126671
9.487339,10.727685
9.543929,11.264477
9.535631,9.975855
9.301536,11.042938
9.4782095,10.126671
9.472472,10.126671
9.50015,9.680407
9.248421,10.633472
9.413826,10.657283
9.323655,10.404293
9.502557,10.308986
9.495829,10.389026
9.50484,9.852247
9.391402,10.819798
9.399194,10.819798
9.301213,10.357775
9.34884,10.819798
9.436964,10.126671
9.336211,10.71444
9.491989,10.064798
9.321382,10.308986
9.389766,10.532363
9.372192,10.532363
9.442982,10.71444
9.5110035,10.389026
9.4541855,10.389026
9.482393,10.59666
9.413983,11.002116
9.3465605,10.71444
9.491148,10.959558
9.410424,11.289794
9.341828,10.633472
9.490227,10.221977
9.475946,10.555839
9.552659,10.491302
9.433897,10.558439
9.50509,10.239996
9.502616,10.609082
9.502898,9.711176
9.364805,10.275085
9.514189,10.341775
9.430384,9.711176
8.904884,10.2036295
9.422915,10.221977
9.270377,10.463132
9.526311,9.741028
9.517704,10.747229
9.3677845,10.768506
9.354829,10.915107
9.497377,10.959558
9.492362,11.042938
9.488454,10.308986
9.51643,11.082158
9.465139,10.126671
9.5509205,10.59666
9.370958,10.1849375
9.533198,10.78934
9.511443,10.085851
9.403065,10.896758
9.304837,10.736419
9.368116,10.524091
9.557792,10.545368
9.385829,10.463132
9.240998,10.357775
9.525068,11.119898
9.500302,11.082158
9.5239525,10.819798
9.441504,10.1849375
9.179286,10.71444
9.46305,10.463132
9.300086,10.757924
9.476041,10.043293
9.585509,10.657283
9.583656,10.085851
9.545924,9.975855
9.493813,10.657283
9.509831,10.59666
9.552186,9.975855
9.457773,9.495594
9.457428,9.746892
9.358351,10.532123
9.487636,10.126671
9.445731,10.239996
9.440629,10.571342
9.4707985,9.7981825
9.4707985,9.581973
9.459325,10.657283
9.484335,11.350418
9.48059,11.289794
9.45264,10.432379
9.415707,10.463132
9.272003,11.082158
9.47701,8.818926
9.436214,10.066923
9.319103,10.348206
9.376536,10.348206
9.37524,9.903538
9.376454,10.537442
9.210658,9.903538
9.444158,10.537442
9.467657,9.680407
9.38937,10.463132
9.413357,9.615872
9.538477,9.472781
9.203695,10.537442
9.463076,10.537442
9.508717,10.463132
9.55824,10.308986
9.458861,9.431963
9.429825,10.126671
9.536416,9.7981825
9.486409,9.903538
9.343461,10.308986
9.441859,10.239996
9.320039,10.71444
9.490505,10.2036295
9.554144,10.2036295
9.389344,11.066654
9.413049,10.537442
9.423246,10.59666
9.273615,9.7981825
9.467001,10.537442
9.500517,10.165891
9.424036,10.819798
9.464133,10.545368
9.427594,10.71444
9.358741,10.59666
9.402215,10.463132
9.38604,10.389026
9.321114,9.952325
9.428733,10.157859
9.451185,10.819798
9.498577,10.545368
9.508348,11.350418
9.273765,9.903538
9.446658,10.463132
9.599692,9.770013
9.525652,9.546884
9.48791,9.679907
9.57422,10.915107
9.501148,11.350418
9.490235,10.571342
9.431625,10.915107
9.482235,10.59666
9.519379,10.336957
9.552644,9.730978
9.554834,10.915107
9.417235,10.537442
9.5196,10.5355835
9.339814,10.308986
9.417,11.002116
9.476734,11.082158
9.395395,11.225257
9.568487,11.350418
9.513767,11.350418
9.464092,9.998843
9.477557,9.809232
9.406089,10.537442
9.55506,10.463132
9.437929,10.502352
9.267818,10.308986
9.399508,10.126671
9.385393,10.545368
9.359596,10.545368
9.39076,10.545368
9.395281,10.502352
9.415567,10.537442
9.418583,10.126671
9.320717,9.852247
9.442995,10.126671
9.531095,10.59666
9.510511,10.59666
9.50821,10.502352
9.538064,10.571342
9.47632,10.502352
9.453448,10.448744
9.3796425,10.571342
9.552254,9.838202
9.57519,9.741028
9.555554,9.998843
9.495832,10.308986
9.488683,10.915107
9.579862,10.308986
9.457407,9.852247
9.60245,11.476894
9.50421,10.308986
9.497311,10.463132
9.514465,10.59666
9.438061,10.502352
9.520591,10.571342
9.47632,10.502352
9.532057,9.729194
9.463301,9.729194
9.450045,9.729194
9.313089,11.289794
9.3639145,11.289794
9.444154,11.289794
9.322061,11.289794
9.329936,11.289794
9.43998,11.918397
9.574656,11.097425
9.520351,11.461642
9.533296,11.608245
9.474541,11.289794
9.539591,11.258046
9.411463,11.4876175
9.583193,11.472114
9.531541,11.413116
9.407698,11.496806
9.386023,11.407576
9.415467,11.407576
9.416333,11.407576
9.4957905,11.350418
9.484799,11.407576
9.541546,11.434975
9.46523,11.156265
9.598124,10.959558
9.344042,11.156265
9.538712,11.156265
9.466338,11.446796
9.460105,11.407576
9.505867,11.420821
9.592831,11.407576
9.365052,11.407576
9.428862,11.440366
9.451094,11.407576
9.577774,11.472114
9.560292,11.407576
9.600999,11.338584
9.542461,11.407576
9.371244,11.350418
9.52027,11.407576
9.604513,11.352769
9.482483,11.289794
9.484887,11.373675
9.412694,11.289794
9.433183,11.407576
9.525306,11.407576
9.5539255,11.320565
9.269773,11.320565
9.41957,11.350418
9.482604,10.71444
9.486432,10.1849375
9.568784,11.225257
9.586554,11.138247
9.504474,11.305299
9.515686,11.366755
9.456688,11.258046
9.45026,11.258046
9.434292,11.191356
9.3976555,11.258046
9.33471,11.119898
9.447236,11.258046
9.282544,11.366755
9.496591,11.264477
9.532719,11.264477
9.562092,11.264477
9.551215,11.338584
9.555568,11.338584
9.492863,11.184435
9.44604,11.184435
9.531842,11.184435
9.5618,11.338584
9.578783,11.472114
9.408481,11.256755
9.4707575,11.082158
9.492928,11.289794
9.528835,11.191356
9.539986,11.156265
9.527912,11.082158
9.561081,11.156265
9.421025,11.225257
9.3541565,11.156265
9.480289,11.156265
9.480058,11.225257
9.409866,11.156265
9.437733,11.225257
9.450236,11.289794
9.507148,11.156265
9.504055,11.082158
9.431873,11.289794
9.458996,11.258046
9.422242,11.225257
9.565657,11.225257
9.4252615,10.915107
9.533894,11.217225
9.4183855,11.233225
9.55842,11.200964
9.385196,11.184435
9.524886,11.225257
9.578756,11.225257
9.591843,11.097425
9.592696,11.366755
9.589741,11.366755
9.589741,11.366755
9.282176,11.248973
9.386688,10.959558
9.570332,10.915107
9.416055,11.156265
9.364172,11.082158
9.256542,11.225257
9.432425,11.156265
9.478483,11.156265
9.419259,10.71444
9.475879,11.156265
9.406766,11.156265
9.492277,11.156265
9.43278,11.119898
9.491451,10.959558
9.523691,10.959558
9.441552,11.082158
9.274066,11.225257
9.580732,11.021919
9.487029,11.1346035
9.362086,11.141876
9.518629,11.184435
9.389131,11.184435
9.503732,11.002116
9.465073,11.156265
9.430324,10.915107
9.460432,11.156265
9.348798,11.119898
9.425126,11.082158
9.511554,10.959558
9.560365,11.156265
9.426846,11.082158
9.432588,11.082158
9.439777,11.082158
9.599314,11.002116
9.27311,11.119898
9.493226,11.002116
9.427022,11.042938
9.462055,11.042938
9.55585,11.082158
9.480299,11.002116
9.512735,11.002116
9.446331,11.002116
9.3544855,11.002116
9.481303,11.156265
9.47082,11.082158
9.529986,11.156265
9.426921,11.082158
9.229974,11.119898
9.464501,11.119898
9.224458,10.8685875
9.431905,11.184435
9.559248,10.961295
9.475054,11.248973
9.506858,11.248973
9.237478,11.184435
9.539214,11.248973
9.450341,11.248973
9.545029,11.115443
9.485345,11.248973
9.442707,11.031674
9.5974245,11.088293
9.236801,11.082158
9.418532,10.959558
9.578821,10.915107
9.383323,10.959558
9.530839,11.082158
9.347896,11.042938
9.541294,11.082158
9.555111,11.042938
9.388729,11.082158
9.306596,10.959558
9.435515,11.082158
9.515604,11.082158
9.448725,10.8685875
9.569828,10.959558
9.542292,11.082158
9.331777,11.042938
9.383256,10.389026
9.449373,11.002116
9.56846,10.8685875
9.562295,11.002116
9.436552,10.915107
9.426982,10.915107
9.494351,10.915107
9.489156,11.002116
9.45702,11.002116
9.288448,11.082158
9.524205,11.079077
9.494223,10.896758
9.435664,11.079077
9.522036,10.959558
9.222545,10.959558
9.482279,10.937579
9.55781,10.574542
9.474145,10.946428
9.458804,10.817797
9.547009,10.915107
9.548556,10.915107
9.548765,11.002116
9.513575,10.959558
9.418671,10.915107
9.550954,11.002116
9.489456,10.915107
9.445305,10.819798
9.523657,10.959558
9.426256,10.8685875
9.482881,10.915107
9.515066,10.915107
9.336415,10.8685875
9.501749,10.8685875
9.5308485,10.8685875
9.146185,10.819798
9.405022,10.308986
9.222429,10.896758
9.297898,10.691968
9.506559,10.71444
9.452797,10.959558
9.53031,11.002116
9.498203,11.002116
9.357377,10.915107
9.406421,10.915107
9.388355,10.959558
9.490593,10.915107
9.554391,10.915107
9.522376,10.8685875
9.495643,10.819798
9.408614,10.915107
9.214611,10.915107
9.364305,10.819798
9.308405,10.915107
9.552318,10.308986
9.542968,10.915107
9.505039,10.959558
9.39754,10.959558
9.449921,10.915107
9.56495,11.002116
9.553055,10.915107
9.317154,10.8685875
9.390629,10.915107
9.5033245,10.819798
9.573555,10.819798
9.540334,10.915107
9.43983,11.002116
9.48066,10.819798
9.411895,10.915107
9.318252,11.002116
9.288698,10.915107
9.394855,11.002116
9.488475,10.968216
9.373624,10.8685875
9.4284935,10.915107
9.42535,10.819798
9.52485,11.041337
9.495534,11.010084
9.405245,10.961295
9.454973,10.961295
9.524846,11.093782
9.47136,11.115443
9.515274,10.924156
9.482326,10.849357
9.448207,10.918736
9.469464,10.887456
9.52893,10.950824
9.265623,10.839601
9.264242,10.839601
9.179383,10.839601
9.177878,10.839601
9.381321,10.78934
9.467346,10.878066
9.51569,10.944489
9.478045,10.851296
9.480204,10.71444
9.271368,10.819798
9.440331,10.819798
9.408805,10.768506
9.503953,10.915107
9.481826,10.819798
9.534908,10.819798
9.530914,10.8685875
9.337952,10.768506
9.318761,10.819798
9.558695,10.819798
9.124565,10.71444
9.392813,10.915107
9.550952,10.768506
9.091183,10.819798
9.403308,10.819798
9.438314,10.768506
9.34311,10.819798
9.3276205,10.8685875
9.238649,10.789319
9.425348,10.915107
9.535854,10.915107
9.446229,10.8685875
9.284734,10.915107
9.394055,10.915107
9.452366,10.819798
9.299557,10.8685875
9.421372,10.768506
9.470866,10.819798
9.521447,10.8685875
9.480378,10.819798
9.512761,10.915107
9.421909,10.768506
9.42437,10.819798
9.220276,10.71444
9.462743,10.768506
9.355045,10.819798
9.434484,10.809748
9.513555,10.839601
9.316427,10.896758
9.488748,10.896758
9.394262,11.025832
9.262294,10.878066
9.420635,10.827766
9.49147,10.874286
9.003915,10.736419
9.473341,10.819798
9.3432665,10.719848
9.08055,10.719848
9.419473,10.892303
9.4967375,10.874286
9.458008,10.855937
9.5134535,10.874286
9.454455,10.874286
9.15735,10.532123
9.375665,10.71444
9.20374,10.657283
9.545082,10.768506
9.5394,10.768506
9.382281,10.59666
9.194657,10.463132
9.194314,10.463132
9.347958,10.71444
9.527966,10.768506
9.454987,10.71444
9.469056,10.71444
9.40408,10.819798
9.487546,10.71444
9.152993,10.819798
9.481352,10.768506
9.412528,10.71444
9.504092,10.657283
9.567969,10.819798
9.392857,10.71444
9.406599,10.768506
9.415283,10.59666
9.437106,10.819798
9.542897,10.691968
9.500826,10.71444
9.476037,10.71444
9.385396,10.819798
9.407759,10.71444
9.439091,10.819798
9.454754,10.59666
9.307876,10.819798
9.289566,10.819798
9.567213,10.819798
9.551873,10.819798
9.433429,10.819798
9.51909,10.768506
9.203801,10.71444
9.528019,10.768506
9.520457,10.799596
9.361376,10.819798
9.549426,10.768506
9.537739,10.71444
9.508465,10.532123
9.52592,10.59666
9.525991,10.657283
9.437451,10.768506
9.492611,10.768506
9.476732,10.657283
9.205005,10.71444
9.030951,10.71444
9.429711,10.657283
9.400966,10.71444
9.472612,10.404293
9.522997,10.736419
9.432723,10.819798
9.31087,10.768506
9.204264,10.463132
9.204264,10.463132
9.458645,10.768506
9.108492,10.71444
9.350251,10.819798
9.435961,10.768506
9.439174,10.819798
9.38172,10.768506
9.442789,10.768506
9.179016,10.71444
9.383876,10.768506
9.523126,10.657283
9.504481,10.71444
9.467157,10.768506
9.350471,10.768506
9.234776,10.819798
9.48543,10.71444
9.458937,10.71444
9.137288,10.768506
9.48274,10.71444
9.250039,10.71444
9.412551,10.819798
9.571576,10.768506
9.344225,10.819798
9.322643,10.768506
9.445578,10.768506
9.5648575,10.768506
9.311003,10.768506
9.456072,10.819798
9.362395,10.71444
9.500211,10.799596
9.527889,10.757924
9.461078,10.708869
9.535217,10.927394
9.472335,10.927394
9.513832,10.645449
9.54466,10.645449
9.5076065,10.778977
9.483441,10.491302
9.554969,10.778977
9.486608,10.727685
9.5135565,10.736419
9.485508,10.778977
9.484616,10.778977
9.435167,10.7987795
9.395812,10.741838
9.532372,10.680539
9.468964,10.621352
9.212734,10.736419
9.572982,10.571342
9.440543,10.609082
9.372757,10.517348
9.397514,10.517348
9.293209,10.668979
9.3543415,10.706095
9.458728,10.532123
9.502951,10.609082
9.354839,10.59666
9.283512,10.532123
9.3165655,10.59666
9.206405,10.59666
9.29537,10.532123
9.342534,10.532123
9.418667,10.532123
9.374759,10.463132
9.523988,10.532123
9.51368,10.71444
9.471124,10.657283
9.423054,10.71444
9.484375,10.657283
9.544017,10.657283
9.40956,9.975855
9.416791,10.404293
9.099674,10.71444
9.382981,10.657283
9.436658,9.852247
9.536946,10.657283
9.518049,10.609082
9.495444,10.657283
9.5092125,10.71444
9.350148,10.59666
9.503516,10.633472
9.405786,10.59666
9.448295,10.657283
9.510594,10.59666
9.379417,10.633472
9.231188,10.71444
9.464803,10.532123
9.439303,10.59666
9.3772,10.532123
9.341043,10.59666
9.483531,10.532123
9.387859,10.657283
9.27534,10.657283
9.533,10.59666
9.504978,10.657283
9.2918825,10.59666
9.507119,10.657283
9.344134,10.657283
9.202268,10.59666
9.398263,10.657283
9.57421,10.71444
8.988429,10.657283
9.426259,10.657283
9.540476,10.59666
9.339704,10.71444
9.171066,10.59666
9.341187,10.657283
9.557142,10.71444
9.499143,10.657283
9.377965,10.657283
9.450532,10.71444
9.307288,10.59666
9.422051,10.59666
9.32135,10.657283
9.456618,10.71444
9.4727745,10.657283
9.469259,10.657283
9.365942,10.657283
9.50999,10.532123
9.469956,10.59666
9.407248,10.657283
9.442301,10.657283
9.448519,10.59666
9.389455,10.657283
9.358057,10.657283
9.354942,10.657283
9.417698,10.657283
9.495988,10.71444
9.4596615,10.657283
9.382751,10.71444
9.347318,10.657283
9.29412,10.71444
9.110465,10.357775
9.500457,10.657283
9.502374,10.657283
9.416491,10.021315
9.436305,10.633472
9.301486,10.657283
9.268387,10.59666
9.560059,10.71444
9.566243,10.657283
9.286254,10.59666
9.3589735,10.657283
9.36669,10.59666
9.388593,10.59666
9.3664465,10.658505
9.456892,10.699417
9.497755,10.633472
9.494881,10.645449
9.419319,10.691968
9.301286,10.758775
9.443463,10.778977
9.378253,10.778977
9.319856,10.778977
9.400358,10.758775
9.46317,10.778977
9.4855585,10.738156
9.585941,10.555839
9.417116,10.778977
9.464738,10.778977
9.514882,10.673619
9.441721,10.609082
9.211297,10.505095
9.311499,10.59666
9.470762,10.633472
9.49578,10.609082
9.230767,10.786531
9.480863,10.758775
9.482816,10.758775
9.469985,10.717103
9.470743,10.695598
9.59279,10.695598
9.45081,10.609082
9.470314,10.717103
9.390527,10.463132
9.5124855,10.571342
9.52188,10.491302
9.381911,10.645449
9.342008,10.738156
9.164169,10.758775
9.467051,10.695598
9.427115,10.717103
9.391423,10.717103
9.518324,10.59666
9.048928,10.5836
9.376216,10.609082
9.33389,10.477316
9.376698,10.584082
9.3481865,10.621352
9.437281,10.616462
9.524882,10.730204
9.444177,10.532123
9.3977785,10.532123
9.517998,10.59666
9.488737,9.903538
9.49448,10.463132
9.488986,10.463132
9.507147,10.59666
9.475404,10.59666
9.508936,10.463132
9.504065,10.463132
9.522613,10.532123
9.46011,10.532123
9.48261,10.59666
9.524009,10.59666
9.424418,10.275085
9.436769,10.532123
9.481331,10.59666
9.420189,10.463132
9.435022,10.463132
9.442693,10.532123
9.487529,10.558439
9.521721,10.532123
9.382414,10.532123
9.403122,10.463132
9.396569,10.532123
9.500531,10.463132
9.246699,10.064798
9.516503,9.903538
9.148728,9.903538
9.296484,10.463132
9.338939,10.419331
9.393919,10.59666
9.196866,10.463132
9.5829735,10.59666
9.349599,10.532123
9.313641,10.463132
9.353211,10.59666
9.37429,10.463132
9.427712,10.434145
9.159786,10.463132
9.379203,10.463132
9.351772,10.389026
9.523447,10.463132
9.538812,10.49269
9.504636,10.389026
9.415388,10.59666
9.524318,10.532123
9.480123,10.463132
9.522526,10.532123
9.442197,10.532123
9.484862,10.463132
9.519351,10.532123
9.336949,10.532123
9.409209,10.59666
9.260389,10.389026
9.510637,10.389026
9.443504,10.59666
9.523857,10.532123
9.426769,10.532123
9.470928,10.463132
9.140271,10.463132
9.376921,10.59666
9.483444,10.59666
9.376547,10.532123
9.339152,10.463132
9.400792,10.59666
9.504962,10.463132
9.479047,10.463132
9.449727,10.308986
9.479017,10.532123
9.508964,10.463132
9.509849,10.59666
9.445888,10.463132
9.524512,10.532123
9.437678,10.463132
9.515835,10.59666
9.571366,10.308986
9.465027,10.463132
9.493376,10.463132
9.4467945,10.59666
9.456334,10.463132
9.057196,10.463132
9.47456,10.558439
9.371764,10.463132
9.509135,10.434145
9.569349,10.532123
9.341028,10.463132
9.394166,10.532123
9.123124,10.463132
9.426506,10.59666
9.2602825,10.463132
9.502178,10.532123
9.432482,10.463132
9.471416,10.571342
9.489447,10.463132
9.458514,10.532123
9.360299,10.532123
9.5342865,10.558439
9.503141,10.518701
9.457266,10.571342
9.315073,10.532123
9.52019,10.695598
9.515141,10.695598
9.593455,10.628158
9.443157,10.385944
9.571116,10.555839
9.357186,10.55391
9.491954,10.477316
9.481869,10.491302
9.467254,10.477316
9.438762,10.434145
9.49272,9.852247
9.511812,9.8705
9.291158,10.463132
9.363229,10.505095
9.404596,10.545368
9.38036,10.404293
9.35482,10.404293
9.047515,10.505095
9.495895,10.545368
9.482303,10.434145
9.472439,10.545368
9.215144,10.545368
9.488548,10.566201
9.508349,10.524091
9.178221,10.518701
9.213541,10.477316
9.3416815,10.419331
9.62093,10.463132
9.435675,10.518701
9.475639,10.491302
9.227196,10.463132
9.294445,10.448744
9.247832,10.518701
9.513192,10.518701
9.527436,10.621352
9.412623,10.498222
9.326337,10.491302
9.514405,10.419331
9.427862,10.518701
9.434873,10.491302
9.349885,10.325515
9.583292,10.257694
9.536788,10.419331
9.582493,10.419331
9.498395,10.651147
9.265938,10.391331
9.491692,10.491302
9.496129,10.41184
9.308154,10.385944
9.4296255,10.422311
9.365042,10.477316
9.454741,10.419331
9.387633,10.308986
9.520626,10.422311
9.550328,10.448744
9.325565,10.404293
9.5007715,10.488604
9.537495,10.487573
9.453726,10.504547
9.498707,10.604628
9.575726,10.580531
9.528672,10.389026
9.180763,10.463132
9.529018,10.389026
9.373135,10.357775
9.200674,10.389026
9.465357,10.341775
9.345732,10.341775
9.471535,10.463132
9.266247,10.389026
9.4952,10.463132
8.999112,10.389026
9.498527,10.419331
9.276349,10.1849375
9.473269,10.389026
9.54527,10.357775
9.488166,10.434145
9.40974,10.389026
9.543628,10.419331
9.507388,10.308986
9.546787,10.389026
9.507342,10.389026
9.416164,10.389026
9.479968,10.389026
9.411261,10.239996
9.467887,10.434145
9.443229,10.308986
9.313196,10.308986
9.487157,10.308986
9.524951,10.308986
9.442274,10.36568
9.50421,10.463132
9.437372,10.308986
9.490299,10.308986
9.3578205,9.770013
9.298367,10.308986
9.335162,10.463132
9.431767,10.463132
9.429057,10.308986
9.469574,10.308986
9.518706,10.389026
9.430828,10.221977
9.446985,10.389026
9.465582,10.357775
9.479995,10.419331
9.089022,10.308986
9.479586,10.463132
9.575769,10.341775
9.290027,10.308986
9.434121,10.389026
9.3125925,10.463132
9.57047,10.308986
9.43593,10.463132
9.439168,10.389026
9.469365,10.419331
9.418378,10.357775
9.332467,10.15448
9.297268,10.389026
9.528514,10.463132
9.437586,10.389026
9.500121,10.357775
9.339372,10.389026
9.443398,10.419331
9.419578,10.463132
9.445823,10.463132
9.488034,10.308986
9.563763,10.419331
9.163431,10.463132
9.305904,10.389026
9.369642,10.463132
9.517911,10.463132
9.481838,10.389026
9.471758,10.308986
9.579869,10.463132
9.314998,10.463132
9.453053,10.389026
9.569284,10.389026
9.382255,10.308986
9.387732,10.463132
9.215524,10.463132
9.373994,10.389026
9.457036,10.450684
9.49715,10.342999
9.301349,10.325515
9.21677,10.341775
9.469639,10.357775
9.465804,10.373523
9.229517,10.434145
9.428828,10.373523
9.437545,10.434145
9.497026,10.434145
9.469168,10.341775
9.401166,10.106469
9.511141,10.373523
9.520827,10.341775
9.523202,10.434145
9.5423975,10.434145
9.435049,10.346505
9.416786,10.422311
9.438851,10.422311
9.507915,10.275085
9.319728,10.357775
9.550259,10.357775
9.4543495,10.357775
9.514127,10.357775
9.266274,10.404293
9.378311,10.275085
9.510338,10.341775
9.502359,10.308986
9.446774,10.373523
9.350376,10.389026
9.481427,10.341775
9.303607,10.257694
9.315255,10.373523
9.475336,10.221977
9.543643,10.308986
9.357984,10.292179
9.406426,10.257694
9.4510765,10.341775
9.538872,10.292179
9.584874,10.292179
9.501098,10.275085
9.239155,10.287287
9.374295,10.267158
9.518704,10.268166
9.473647,10.308986
9.433001,10.134639
9.414903,10.292179
9.268245,10.275085
9.449758,10.341775
9.48652,10.341775
9.485963,10.341775
9.423253,10.308986
9.466939,10.292179
9.417344,10.292179
9.331242,10.300618
9.303126,10.292179
9.53349,10.275085
9.402707,10.422311
9.541766,10.450481
9.436866,10.313973
9.528032,10.126671
9.498095,10.043293
9.486553,10.221977
9.263289,10.308986
9.410755,10.275085
9.215967,10.308986
9.535956,10.308986
9.284991,10.257694
9.331671,10.257694
9.298728,10.275085
9.403136,10.308986
9.477399,10.308986
9.553015,10.126671
9.336343,10.221977
9.163693,10.2036295
9.426838,10.221977
9.449043,10.106469
9.392047,10.2036295
9.382317,10.308986
9.463648,10.248884
9.558815,10.275085
9.541728,10.257694
9.444235,10.221977
9.427235,10.221977
9.371588,10.126671
9.267367,10.308986
9.389224,10.126671
9.464508,10.308986
9.538267,10.275085
9.507635,10.275085
9.603247,10.239996
9.580987,10.308986
9.576094,10.257694
9.389658,10.221977
9.451023,9.615872
9.527062,10.221977
9.494689,10.1849375
9.460768,10.308986
9.493236,10.221977
9.498986,10.292179
9.546999,10.126671
9.449056,10.126671
9.399609,10.126671
9.552478,10.308986
9.565399,10.292179
9.55731,10.221977
9.369871,10.221977
9.357186,10.221977
9.556071,10.308986
9.299181,10.221977
9.511224,10.221977
9.408585,10.021315
9.147809,10.021315
9.406789,10.021315
9.480663,10.126671
9.4842005,10.308986
9.458259,10.308986
9.490791,10.221977
9.428321,10.221977
9.5020685,10.308986
9.3606205,9.999752
9.501546,10.275085
9.390135,10.126671
9.4857,10.308986
9.450863,10.257694
9.231818,10.308986
9.418447,10.126671
9.360286,10.126671
9.514025,10.221977
9.431966,10.2036295
9.524206,10.221977
9.508237,10.308986
9.532105,10.308986
9.5426,10.308986
9.303579,10.221977
9.54601,10.275085
9.481494,10.221977
9.37034,10.221977
9.49823,10.126671
9.455486,10.308986
9.388378,10.308986
9.553979,10.165891
9.526578,10.308986
9.558255,10.126671
9.231655,10.221977
9.27661,10.126671
9.582184,10.275085
9.402456,10.275085
9.491548,10.308986
9.180855,10.308986
9.231818,10.308986
9.480875,10.126671
9.438493,10.232647
9.32108,10.251959
9.313198,10.239996
9.231749,10.275085
9.551482,10.275085
9.540842,10.292179
9.471192,10.2036295
9.438681,10.2036295
9.536263,10.275085
9.545232,10.268166
9.509957,10.085851
9.48754,10.181157
9.5547285,10.181157
9.374331,10.239996
9.487199,10.221977
9.546702,10.239996
9.500267,9.987415
9.442463,10.2036295
9.422385,10.106469
9.523766,10.126671
9.328274,10.126671
9.447669,10.239996
9.445853,10.239996
9.602418,10.239996
9.538592,10.1849375
9.215064,10.126671
9.390177,10.1849375
9.39294,10.126671
9.493573,10.156229
9.476903,10.2036295
9.415205,10.1849375
9.571886,9.987415
9.452297,10.1849375
9.296562,10.1849375
9.376255,10.085851
9.42893,10.146473
9.527809,10.126671
9.515493,10.2036295
9.492103,10.165891
9.544179,10.165891
9.049704,10.2036295
9.492596,10.1849375
9.328217,10.2036295
9.483322,10.1849375
9.4074135,10.221977
9.425559,10.1849375
9.554042,10.2036295
9.496219,10.239996
9.330131,10.165891
9.272113,10.239996
9.314247,10.1849375
9.43902,10.1849375
9.439661,10.175459
9.512074,10.2036295
9.467833,10.434145
9.363059,10.165891
9.491373,10.176601
9.546178,10.10238
9.415938,10.085851
9.270504,10.077441
8.986001,10.182822
9.410369,10.165891
9.468301,10.1849375
9.393414,10.10553
9.5414295,10.2036295
9.545499,10.2036295
9.416124,10.2036295
9.360726,10.165891
9.413305,10.165891
9.310381,10.2036295
9.549501,10.165891
9.479321,10.2036295
9.429263,10.126671
9.48629,10.2036295
9.544613,10.106469
9.541586,10.126671
9.58676,10.146473
9.4489565,10.165891
9.288889,10.156229
9.396654,10.106469
9.514908,10.165891
9.2538595,10.221977
9.554196,10.2036295
9.598754,10.332702
9.560469,10.045031
9.484177,10.193991
9.374567,10.042206
9.515034,10.134639
9.436131,10.174964
9.44987,10.172025
9.44987,10.172025
9.524109,9.98539
9.500308,10.146473
9.573153,10.165891
9.487382,10.142544
9.391592,10.165583
9.569273,10.106469
9.375198,10.165891
9.536611,10.126671
9.411799,10.126671
9.389961,10.019091
9.558577,10.126671
9.558257,10.043293
9.292722,10.146473
9.453984,10.165891
9.352137,10.043293
9.320934,10.085851
9.367299,9.987415
9.5208845,10.126671
9.56102,10.106469
9.455426,10.165891
9.50046,10.126671
9.501281,10.146473
9.534842,10.069044
9.322084,10.126671
9.472977,10.043293
9.566692,10.146473
9.509805,10.165891
9.38232,10.021315
9.210972,10.165891
9.348248,9.987415
9.408235,10.085851
9.514177,10.137888
9.28994,10.153195
9.562804,10.145374
9.594737,10.268166
9.420379,10.134639
9.330166,10.126671
9.218887,10.146473
9.556797,10.064798
9.556239,10.021315
9.265237,10.021315
9.384636,10.064798
9.362487,10.126671
9.28451,10.085851
9.310558,10.021315
9.17311,10.021315
9.23413,10.308986
9.515775,10.021315
9.45353,10.043293
9.411671,10.064798
9.476548,10.126671
9.51824,9.581973
9.514275,10.126671
9.4792595,9.878221
9.499279,10.126671
9.556342,10.021315
9.437737,9.952325
9.488548,10.126671
9.413727,10.021315
9.538173,9.852247
9.525382,10.126671
9.552473,10.021315
9.391688,10.126671
9.45669,10.221977
9.529873,10.021315
9.403862,10.085851
9.422451,10.085851
9.528269,10.126671
9.2198305,10.126671
9.467889,10.021315
9.562848,10.064798
9.426529,10.064798
9.542817,10.106469
9.316004,9.839003
9.342015,9.839003
9.45452,10.126671
9.435153,9.975855
9.397672,10.126671
9.485512,9.975855
9.335893,10.021315
9.538014,10.021315
9.493735,10.064798
9.442691,10.021315
9.494248,9.975855
9.551964,9.903538
9.536221,10.064798
9.551599,10.021315
9.482924,10.126671
9.588565,10.126671
9.41356,9.975855
9.410134,10.126671
9.410366,10.021315
9.398232,10.221977
9.348124,9.975855
9.5224695,10.021315
9.470454,10.126671
9.545924,9.433564
9.526256,10.126671
9.475098,10.085851
8.977116,10.021315
9.540858,10.021315
9.476773,10.085851
9.53167,9.975855
9.433038,10.106469
9.335185,10.043293
9.550291,9.903538
9.428589,9.852247
9.444555,10.043293
9.460811,10.126671
9.536554,10.126671
9.588183,10.021315
9.469242,10.059679
9.303976,10.112451
9.528843,10.216874
9.177203,9.392745
9.461165,10.085851
9.385325,10.043293
9.550335,10.043293
9.28691,10.043293
9.280929,10.085851
9.512765,10.043293
9.373336,10.085851
9.503544,10.085851
9.534676,9.952325
9.503688,10.085851
9.4106045,9.94035
9.515613,9.94035
9.451649,10.043293
9.414389,10.021315
9.286464,10.010142
9.536592,9.998843
9.459157,10.043293
9.462925,10.043293
9.334819,10.085851
9.421717,9.998843
9.520046,9.998843
9.364528,9.998843
9.276512,10.043293
9.540451,9.9804945
9.372417,10.085851
9.309815,9.952325
9.528214,10.110542
9.400123,10.085851
9.468819,10.043293
9.420791,10.043293
9.539148,10.064798
9.418162,9.998843
9.500626,10.096213
9.546042,9.952325
9.537717,10.085851
9.58488,10.085851
9.451079,10.043293
9.397494,9.952325
9.5068035,10.043293
9.424328,9.998843
9.224238,9.998843
9.437912,10.085851
9.401095,10.085226
9.457027,9.993145
9.521141,10.041727
9.444657,10.041727
9.52393,10.199175
9.517536,10.000115
9.348025,9.928229
9.399111,9.975855
9.583086,9.903538
9.505832,10.043293
9.252099,10.043293
9.593996,9.928229
9.114421,9.998843
9.48737,9.975855
9.205835,9.975855
9.115925,10.021315
9.470899,10.043293
9.471193,10.043293
9.523657,10.043293
9.514797,10.043293
9.508117,10.043293
9.496724,9.928229
9.466728,9.903538
9.471246,9.975855
9.5735855,10.043293
9.526841,9.928229
9.405001,9.961803
9.4714155,9.998843
9.512189,9.928229
9.520476,9.952325
9.371844,9.94035
9.404428,9.975855
9.456856,9.998843
9.444589,9.9804945
9.326063,10.162808
9.479957,10.105653
9.489801,9.915959
9.519842,9.952325
9.478045,9.903538
9.412691,9.903538
9.46181,9.903538
9.24946,9.998843
9.491544,9.998843
9.515738,9.952325
9.36314,9.952325
9.511371,9.928229
9.471602,9.952325
9.200151,9.903538
9.409646,9.952325
9.572018,9.878221
9.566206,9.952325
9.512111,9.998843
9.54262,9.975855
9.545669,9.903538
9.285057,9.952325
9.261115,9.928229
9.538212,9.998843
9.543645,9.903538
9.331035,9.998843
9.427518,9.903538
9.455085,9.928229
9.462353,9.89096
9.463165,9.89096
9.395326,10.064798
9.338741,9.928229
9.39476,9.770013
9.224471,9.770013
9.460178,9.988609
9.432955,9.988609
9.446003,9.998843
9.4850445,9.952325
9.260483,9.952325
9.572641,9.975855
9.532329,9.998843
9.489544,9.903538
9.607058,9.82558
9.06075,9.903538
9.591993,9.903538
9.51893,9.998843
9.230499,9.998843
9.379967,9.952325
9.524017,10.12507
9.455126,10.002473
9.5056505,9.9804945
9.505894,9.9804945
9.505059,9.9804945
9.5508585,9.9804945
9.457368,9.9804945
9.505894,9.9804945
9.407736,9.9804945
9.453441,9.952325
9.426347,9.851615
9.315185,9.845911
9.470372,9.927838
9.447125,9.903538
9.507212,9.852247
9.126126,9.770013
9.527193,9.852247
9.580175,10.085851
9.513159,9.852247
9.484298,9.878221
9.535035,9.852247
9.565657,9.903538
9.091749,9.878221
9.509012,9.852247
9.482773,9.865318
9.482911,9.865318
9.482911,9.865318
9.482911,9.865318
9.482911,9.865318
9.306616,9.878221
9.525184,9.82558
9.417178,9.878221
9.484485,9.852247
9.191633,9.952325
9.4936905,9.878221
9.4923115,9.929691
9.579318,9.923339
9.562649,10.085851
9.558432,9.958023
9.623363,9.862718
9.355973,9.879554
9.542409,9.908376
9.508578,9.801344
9.283382,9.903538
9.212626,9.852247
9.511706,9.903538
9.345909,9.852247
9.520425,9.903538
9.154017,9.903538
9.514786,9.903538
9.364163,9.903538
9.5308275,9.7981825
9.295026,9.903538
9.161891,9.903538
9.347743,9.903538
9.507565,9.903538
9.271546,9.903538
9.462536,9.903538
9.462696,9.852247
9.374986,9.852247
9.532156,9.903538
9.554474,9.852247
9.504108,9.928229
9.495774,9.82558
9.402574,9.852247
9.307142,9.878221
9.414863,9.852247
9.4924345,9.82558
9.310843,9.770013
9.36497,9.770013
9.242535,9.680407
9.378395,9.770013
9.566735,9.82558
9.385434,9.82558
9.516965,9.711176
9.579842,9.852247
9.515882,9.770013
9.379895,9.852247
9.484054,9.852247
9.45437,9.878221
9.401644,9.903538
9.335079,9.903538
9.438258,9.903538
9.316944,9.852247
9.403047,9.903538
9.542122,9.82558
9.300116,9.903538
9.294941,9.903538
9.549248,9.852247
9.478961,9.852247
9.509707,9.852247
9.571395,9.770013
9.542433,9.82558
9.510265,9.852247
9.503278,9.903538
9.494947,9.7981825
9.508099,9.852247
9.325423,9.903538
9.508672,9.903037
9.296991,9.903538
9.287487,9.901034
9.3467655,9.8705
9.5066805,9.778661
9.346332,9.852247
9.463134,9.856396
9.469465,9.852247
9.447216,9.878221
9.446978,9.878221
9.506488,9.852247
9.49413,9.7981825
9.524187,9.852247
9.470457,9.878221
9.4671545,9.770013
9.354355,9.7981825
9.506402,9.852247
9.568714,9.8119755
9.38812,9.852247
9.453936,9.770013
9.440462,9.852247
9.454802,9.770013
9.434813,9.865318
9.391105,9.82558
9.426772,9.819127
9.329261,9.727168
9.481364,9.805544
9.405749,9.82179
9.282366,9.7981825
9.564951,9.711176
9.39469,9.741028
9.500084,9.185125
9.492665,9.741028
9.471931,9.809232
9.33175,9.7981825
9.131002,9.711176
9.456211,9.7981825
9.244728,9.878221
9.472383,9.755626
9.56498,9.7981825
9.49142,9.7981825
9.566262,9.770013
9.159403,9.7981825
9.416736,9.546884
9.244257,9.546884
9.22249,9.615872
9.528807,9.711176
9.495959,9.711176
9.564629,9.546884
9.467934,9.741028
9.409632,9.741028
9.408154,9.741028
9.522898,9.82558
9.514065,9.741028
9.4210205,9.711176
9.513226,9.7981825
9.559978,9.770013
9.570619,9.82558
9.51745,9.741028
9.489341,9.741028
9.48215,9.755626
9.482085,9.755626
9.451679,9.7981825
9.460503,10.146473
9.508828,9.64866
9.3927765,9.741028
9.356108,9.770013
9.470144,9.7981825
9.449263,9.73181
9.484936,9.787066
9.302509,9.811427
9.428191,9.433564
9.441677,9.615872
9.43044,9.711176
9.575298,9.726213
9.427629,9.741028
9.403973,9.64866
9.566822,9.711176
9.426781,9.784197
9.479948,9.770013
9.447434,9.741028
9.533296,9.680407
9.414837,9.711176
9.396941,9.581973
9.543904,9.711176
9.537318,9.755626
9.402382,9.711176
9.561445,9.64866
9.500718,9.711176
9.45461,9.711176
9.473383,9.6959095
9.547977,9.770013
9.5589075,9.741028
9.485383,9.711176
9.3539095,9.8119755
9.478045,9.755626
9.419441,9.733707
9.533333,9.862718
9.470312,9.700208
9.512068,9.958023
9.500784,9.720586
9.559061,9.842516
9.524222,9.680407
9.439772,9.6959095
9.598699,9.680407
9.524012,9.680407
9.44325,9.903538
9.343782,9.711176
9.572149,9.680407
9.424485,9.711176
9.410119,9.680407
9.478265,9.64866
9.507935,9.615872
9.196149,9.680407
9.513272,9.680407
9.547528,9.680407
9.481741,9.711176
9.394151,9.711176
9.515286,9.575053
9.568488,9.680407
9.475597,9.64866
9.3666525,9.692828
9.499653,9.741028
9.472504,9.680407
9.50465,9.615872
9.445493,9.680407
9.526324,9.628853
9.420951,9.7976265
9.5275955,10.221977
9.378225,9.638676
9.451653,9.757363
9.6285,9.757363
9.558045,9.639587
9.412896,9.757363
9.407595,9.757363
9.471575,9.623377
9.468504,9.599202
9.36844,9.573316
9.370319,9.528867
9.570538,9.878221
9.5372925,9.564583
9.389033,9.615872
9.319675,9.433564
9.396223,9.564583
9.443306,9.528867
9.488057,9.528867
9.534757,9.581973
9.476952,9.539716
9.308712,9.615872
9.445351,9.596418
9.331613,9.580869
9.389281,9.700208
9.526495,9.670357
9.591704,9.700208
9.518621,9.472781
9.453413,9.472781
9.437163,9.694616
9.431522,9.678405
9.504295,9.510519
9.256126,9.581973
9.364164,9.546884
9.35718,9.546884
9.4874,9.65323
9.542783,9.654449
9.333089,9.652009
9.550907,9.575053
9.582243,9.639587
9.560707,9.639587
9.426051,9.639587
9.573384,9.639587
9.44745,9.501591
9.450849,9.571714
9.543214,9.620661
9.490854,9.522301
9.515248,9.510519
9.5773,9.472781
9.54835,9.472781
9.5415745,9.601369
9.466111,9.588297
9.400277,9.588297
9.205649,9.512443
9.539424,9.575053
9.509802,9.575053
9.566582,9.541154
9.522151,9.575053
9.577574,9.441531
9.44839,9.392745
9.633011,9.392745
9.527728,9.392745
9.500003,9.614271
9.407339,9.506065
9.581779,9.506065
9.212433,9.506065
9.212433,9.506065
9.212433,9.506065
9.212433,9.506065
9.615677,9.506065
9.212433,9.506065
9.212433,9.506065
9.53098,9.425775
9.609862,9.431963
9.565038,9.383033
9.385307,9.383033
9.5316305,10.962666
9.480984,8.853808
9.519384,8.794976
9.490096,9.575053
9.41977,9.488048
9.482883,8.699681
9.443506,8.7194805
9.517985,9.616672
9.408119,8.679482
9.252293,9.7981825
9.3350935,9.615872
9.389037,8.7194805
9.400741,8.7194805
9.584476,10.223866
9.430385,9.552226
9.368294,9.915959
9.509418,11.231901
9.407787,9.979939
9.328998,9.9804945
9.501529,10.280999
9.482846,10.280999
9.432935,10.309819
9.4398775,9.9804945
9.319523,9.9804945
9.520574,10.240924
9.404152,10.158169
9.421287,9.488048
9.366399,10.181157
9.371368,10.181157
9.308383,8.77663
9.447046,9.966509
9.331838,10.085851
9.472677,10.268166
9.549065,10.134639
9.562117,10.134639
9.486384,10.238709
9.54926,10.269206
9.545423,10.157975
9.397917,11.000248
9.4282465,10.491302
9.452667,10.778977
9.503565,10.778977
9.486546,10.695598
9.335815,10.59666
9.437699,10.71444
9.580682,10.819798
9.246227,11.248973
9.5007515,10.532123
9.430067,10.628158
9.345466,10.673619
9.455217,10.837245
9.168061,10.758775
9.053236,10.393325
9.266477,10.234265
9.54672,10.504547
9.266477,10.234265
9.265787,10.234265
9.444779,10.555839
9.485043,10.778977
9.45072,10.778977
9.425592,8.7194805
9.433662,8.7194805
9.441862,8.679482
9.527597,10.851296
9.5007515,10.463132
9.385582,11.289794
9.504419,10.819798
9.446422,11.002116
9.525171,11.041337
9.48491,10.404293
9.28685,10.8685875
9.523291,10.959558
9.185024,11.082158
9.56849,10.491302
9.367162,11.002116
9.509548,10.8685875
9.490138,10.8685875
9.328398,10.768506
9.237488,11.294782
9.4896965,11.407576
9.355162,10.532123
9.51537,11.082158
9.495046,10.275085
9.560032,10.59666
9.27126,10.959558
9.446866,11.320565
9.4402075,10.165891
9.342854,10.819798
9.516676,10.448744
9.37429,10.463132
9.423436,10.532123
9.291194,9.784197
9.350439,9.998843
9.532405,10.434145
9.484209,10.308986
9.324767,11.184435
9.373159,10.448744
9.412069,9.9804945
9.483606,10.308986
9.287777,10.819798
9.223272,10.257694
9.366702,10.341775
9.513894,10.356186
9.33508,10.768506
9.485431,10.819798
9.545457,10.71444
9.422112,10.1849375
9.485581,10.994084
9.545311,11.041337
9.512742,10.757924
9.499872,10.239996
9.513931,10.829748
9.546104,10.448744
9.293562,10.165891
9.521391,10.532123
9.407925,10.532123
9.227857,11.338584
9.601664,9.546884
9.436213,10.463132
9.424768,10.341775
9.523716,11.350418
9.360474,10.308986
9.457073,10.71444
9.398414,10.657283
9.51117,10.275085
9.527054,11.320565
9.501842,9.7981825
9.444001,10.239996
9.409459,10.532123
9.57806,11.079077
9.524509,10.389026
9.461314,10.72549
9.408859,10.463132
9.344629,10.59666
9.533569,10.257694
9.447408,10.2036295
9.568343,10.021315
9.319931,11.379406
9.527077,10.126671
9.529543,10.959558
9.527522,9.975855
9.426061,10.657283
9.235388,9.952325
9.398725,10.357775
9.394105,11.366755
9.512468,10.181157
9.539142,10.1849375
9.473212,10.144117
9.367322,11.184435
9.497881,10.021315
9.449943,10.855937
9.345784,10.045031
9.339155,10.657283
9.524277,11.041337
9.534359,9.711176
9.554239,10.950824
9.489755,10.59666
9.33202,10.045031
9.483108,10.927394
9.415385,10.332702
9.542097,10.532123
9.433351,10.021315
9.479656,11.414221
9.546794,9.575053
9.457299,9.852247
9.493967,10.221977
9.49626,10.275085
9.375242,10.959558
9.443724,10.736419
9.558592,11.141876
9.44162,10.819798
9.342346,10.657283
9.55362,11.373675
9.476477,11.279744
9.488251,11.115443
9.3989525,10.717103
9.470386,11.233225
9.549541,10.422311
9.4113655,10.518701
9.455329,10.389026
9.230639,11.082158
9.121923,10.532123
9.31461,10.373523
9.353717,10.657283
9.541937,9.878221
9.484041,11.119898
9.420513,10.59666
9.447572,10.389026
9.191432,10.71444
9.613344,10.002473
9.431541,10.59666
9.333134,10.045031
9.515962,11.184435
9.314882,10.477316
9.409736,11.008164
9.070103,10.959558
9.460822,9.998843
9.507527,10.532123
9.313965,10.768506
9.5264225,10.673619
9.453266,10.915107
9.473032,10.221977
9.486673,10.2036295
9.450198,10.71444
9.468784,10.580531
9.262158,11.071642
9.490731,10.532123
9.459639,11.097425
9.552393,9.729194
9.578279,11.338584
9.279351,10.59666
9.2184105,10.257694
9.558905,10.657283
9.574569,10.58661
9.5156555,10.768506
9.415687,10.389026
9.335521,11.289794
9.514564,10.064798
9.457833,10.78934
9.576399,9.7981825
9.555606,10.657283
9.481328,10.389026
9.365299,10.915107
9.443242,10.126671
9.437352,10.8685875
9.530252,11.082158
9.294621,10.657283
9.580747,10.532123
9.433848,10.308986
9.506079,10.59666
9.458083,10.959558
9.37091,10.915107
9.439699,11.002116
9.392713,9.952325
9.576451,9.575053
9.511119,10.239996
9.440915,10.363472
9.524501,9.9804945
9.467537,10.434145
9.438912,11.097425
9.552937,10.043293
9.400848,10.555839
9.402819,10.341775
9.470408,10.388842
9.426586,10.633472
9.347663,10.021315
9.515129,10.126671
9.425482,10.915107
9.529083,10.8685875
9.54736,10.59666
9.282202,10.2036295
9.429728,10.657283
9.333134,9.958023
9.301752,10.2036295
9.515034,9.757363
9.411536,10.463132
9.417801,10.1849375
9.521865,9.711176
9.496314,10.308986
9.375153,11.042938
9.501625,10.59666
9.535157,10.422311
9.338395,11.289794
9.438536,11.191356
9.492279,10.915107
9.462018,10.064798
9.37967,10.819798
9.352495,10.959558
9.471656,11.264477
9.505941,10.59666
9.514571,10.308986
9.555951,10.915107
9.47596,10.8685875
9.538772,10.419331
9.379091,11.041337
9.258065,10.915107
9.503671,10.819798
9.415846,10.021315
9.460621,10.71444
9.41933,10.71444
9.421248,10.532123
9.39528,10.463132
9.513721,10.915107
9.5034485,10.463132
9.536055,10.1849375
9.290052,10.71444
9.318725,10.341775
9.267647,10.532123
9.470824,10.673619
9.556246,11.025832
9.472505,10.8685875
9.47107,11.472114
9.480134,10.71444
9.342043,10.463132
9.445967,9.757363
9.531838,10.530521
9.527884,10.530521
9.5332365,10.389026
9.496915,10.404293
9.488372,10.021315
9.47156,10.849357
9.49602,10.106469
9.388954,9.811427
9.246008,10.977824
9.5648365,10.308986
9.30782,10.768506
9.487018,10.915107
9.20082,11.512936
9.516713,11.407576
9.363443,11.407576
9.503617,11.082158
9.315603,11.407576
9.435965,11.156265
9.198107,11.225257
9.50189,11.021919
9.406707,11.156265
9.545613,11.184435
9.409952,11.082158
9.228066,11.082158
9.4835825,11.042938
9.5059395,10.959558
9.346242,10.8685875
9.455238,10.959558
9.194121,10.915107
9.4566345,10.8685875
9.390086,10.915107
9.123893,10.819798
9.506708,10.967939
9.189111,10.768506
9.097124,10.434145
9.091473,10.434145
9.549717,10.819798
9.351763,10.819798
9.552188,10.71444
9.503783,10.657283
9.528683,10.778977
9.484072,10.558439
9.448083,10.71444
9.378594,10.71444
9.4742155,10.657283
9.448544,10.804238
9.4706335,10.456539
9.490194,10.463132
9.456012,10.59666
9.540779,10.532123
9.446327,10.463132
9.072841,10.532123
9.031692,10.221977
9.561197,10.463132
9.254508,10.463132
9.265426,10.257694
9.287031,10.1849375
9.32294,10.221977
9.320349,10.389026
9.4333,10.389026
9.258133,10.325351
9.463888,10.389026
9.583777,10.308986
9.549703,10.308986
9.438842,10.275085
9.408722,10.341775
9.369287,10.275085
9.440234,10.275085
9.471632,10.221977
9.364575,10.221977
9.480805,10.221977
9.548208,10.239996
9.402835,10.221977
9.544389,10.2036295
9.383206,10.043293
9.337364,10.126671
9.422768,10.165891
9.541171,10.165891
9.354353,9.903538
9.202618,9.903538
9.350613,10.021315
9.399269,10.085851
9.393788,9.952325
9.352795,10.045031
9.282598,9.928229
9.49908,9.928229
9.283127,9.975855
9.386766,9.928229
9.48502,9.998843
9.56422,9.952325
9.282574,9.952325
9.328915,9.729194
9.092142,9.8119755
9.522782,9.903538
9.52374,10.1849375
9.426483,9.903538
9.501083,9.852247
9.416671,9.8119755
9.426491,9.741028
9.5323305,9.82558
9.498538,9.7981825
9.493488,9.711176
9.560199,9.741028
9.503536,9.761405
9.400645,9.755626
9.562517,9.64866
9.075009,9.711176
9.526223,9.581973
9.36164,9.546884
9.442819,9.472781
9.522186,9.392745
9.467462,10.167427
9.513024,10.167427
9.499569,9.392745
9.342482,8.699681
9.501817,9.639587
9.399831,9.862718
9.622801,9.506065
9.563414,9.639587
9.066167,9.862718
9.4306555,9.757363
9.590527,9.862718
9.245533,9.431963
9.526978,9.392745
9.597481,10.555839
9.516147,9.639587
9.395776,9.351927
9.5063925,9.862718
9.598884,9.757363
9.34059,9.862718
9.317868,9.700208
9.308356,9.862718
9.345815,9.862718
9.58666,9.639587
9.438473,9.862718
9.439646,9.862718
9.161577,9.639587
9.311338,9.862718
9.622037,9.169622
9.637847,9.169622
9.560354,10.422311
9.5205,9.862718
9.507689,8.812992
9.214779,9.729194
9.524936,9.700208
9.571222,9.862718
9.394743,9.862718
9.303675,9.431963
9.561533,9.862718
9.611266,9.639587
9.583086,9.218408
9.553569,9.639587
9.586276,9.862718
9.575121,9.506065
9.567787,9.862718
9.617912,9.639587
9.581232,9.862718
9.307421,9.506065
9.506389,9.757363
9.413087,9.639587
9.577999,9.639587
9.3664255,9.392745
9.532694,9.729194
9.265309,9.862718
9.318873,9.729194
9.556435,9.392745
9.504532,9.862718
9.517478,9.9804945
9.335758,9.729194
9.375934,9.169622
9.400062,9.264923
9.500614,9.639587
9.639639,8.946505
9.502851,9.351927
9.523297,9.757363
9.353701,10.2036295
9.544822,11.461642
9.485523,11.225257
9.353219,11.289794
9.49903,11.320565
9.473845,11.338584
9.551657,11.191356
9.554489,11.248973
9.4247465,10.959558
9.4832,10.993749
9.519398,11.115443
9.491889,10.910551
9.454594,10.8685875
9.458971,10.915107
9.406559,10.8685875
9.537126,10.915107
9.598626,10.907807
9.573336,10.851296
9.550835,10.8685875
9.539122,10.915107
9.3816805,10.915107
9.506064,10.819798
9.481426,10.915107
9.47196,10.819798
9.433273,10.819798
9.4312,10.819798
9.419941,10.819798
9.448818,10.819798
9.404198,10.899089
9.472483,10.736419
9.515286,10.691968
9.531974,10.757924
9.472261,10.126671
9.542339,10.768506
9.447128,10.657283
9.536201,10.59666
9.5235615,10.71444
9.503438,10.71444
9.52369,10.558439
9.5078535,10.668979
9.502922,10.778977
9.482517,10.571342
9.459664,10.72549
9.440547,10.680539
9.510866,10.72549
9.514443,10.633472
9.413424,10.633472
9.473275,10.59666
9.52542,10.59666
9.565519,10.657283
9.520238,10.558439
9.54971,10.532123
9.403253,10.021315
9.47721,10.021315
9.511932,10.59666
9.513768,10.59666
9.539252,10.59666
9.452214,10.657283
9.542293,10.633472
9.398947,10.657283
9.495812,10.59666
9.327803,10.609082
9.459799,10.540196
9.597087,10.59666
9.43429,10.463132
9.542896,10.532123
9.541388,10.532123
9.593816,10.532123
9.515586,10.532123
9.392609,10.532123
9.403122,10.532123
9.531784,10.518701
9.546645,10.532123
9.496617,10.463132
9.507108,10.448744
9.559044,10.463132
9.510364,10.436202
9.477723,10.491302
9.492502,10.463132
9.376137,10.357775
9.339803,10.389026
9.468956,10.308986
9.546201,10.357775
9.460201,10.463132
9.242247,10.289973
9.512161,10.434145
9.502536,10.463132
9.534835,10.308986
9.314323,10.389026
9.487898,10.389026
9.418668,10.308986
9.321589,10.308986
9.4183655,10.330225
9.582846,10.308986
9.5296,10.325515
9.492728,10.373523
9.554537,10.308986
9.572076,10.389026
9.583059,10.47788
9.532707,10.126671
9.477293,10.308986
9.505114,10.126671
9.529376,10.275085
9.4857025,10.221977
9.511595,10.221977
9.537778,10.221977
9.558731,10.308986
9.530152,10.308986
9.569457,10.221977
9.53054,10.239996
9.507153,10.221977
9.421821,10.1849375
9.490477,10.106469
9.542861,10.126671
9.541031,10.126671
9.57663,10.146473
9.605868,10.221977
9.544264,10.2036295
9.521084,10.153506
9.447503,10.085851
9.5796175,10.126671
9.489579,10.126671
9.49428,10.126671
9.491666,9.952325
9.515773,10.021315
9.513711,10.099629
9.513865,10.099629
9.556907,10.064798
9.431317,10.065649
9.579156,10.12507
9.544976,10.064798
9.59335,10.043293
9.546164,9.841665
9.5822735,9.685393
9.5787115,9.64866
9.517061,9.350189
9.588016,10.085851
9.454166,10.463132
9.503327,10.680539
9.564413,10.915107
9.548277,11.115443
9.352195,10.874286
9.404219,11.338584
9.403251,10.758775
9.520386,10.961295
9.504522,10.961295
9.558786,11.264477
9.519801,11.233225
9.525514,11.279744
9.531821,10.819798
9.501653,11.264477
9.526771,10.221977
9.555804,10.59666
9.51781,10.389026
9.608302,9.741028
9.5814295,10.363472
9.485514,10.275085
9.532141,10.393325
9.518242,11.350418
9.381065,11.496806
9.408618,11.496806
9.556215,10.165891
9.501919,10.126671
9.482492,10.71444
9.539762,10.463132
9.409169,9.770013
9.505258,10.463132
9.52377,10.221977
9.49145,10.021315
9.542297,10.71444
9.477878,10.021315
9.510116,9.770013
9.4934025,10.021315
9.413419,10.221977
9.522943,10.463132
9.516865,10.221977
9.441516,9.770013
9.487255,9.770013
9.445921,10.221977
9.468777,10.021315
9.419246,10.221977
9.410512,10.021315
9.434219,9.770013
9.554149,10.221977
9.538531,10.221977
9.495627,10.021315
9.533283,9.770013
9.498704,9.770013
9.4820595,10.221977
9.520932,9.770013
9.528507,9.770013
9.458103,9.770013
9.5458145,10.021315
9.517834,10.021315
9.383851,10.021315
9.571428,10.819798
9.522733,9.741028
9.387981,11.350418
9.244727,11.350418
9.361395,10.357775
9.476127,11.472114
9.530979,11.082158
9.552676,10.532123
9.581042,10.71444
9.532241,10.819798
9.53428,11.002116
9.450741,11.225257
9.424992,11.184435
9.543141,9.564583
9.455606,9.770013
9.437102,10.738156
9.540616,10.308986
9.570736,9.998843
9.49954,9.4844055
9.464752,9.506065
9.47668,10.758775
9.449914,10.651147
9.470517,9.636457
9.319316,10.71444
9.484898,10.199175
9.424213,10.373523
9.429916,10.914888
9.484898,10.199175
9.435806,10.837245
9.562071,10.818197
9.42124,10.27846
9.024524,10.393325
9.439234,10.199175
9.529631,10.994084
9.319734,10.434145
9.430882,11.248973
9.501462,11.248973
9.473151,11.512936
9.413083,10.819798
9.439432,10.043293
9.430161,9.7981825
9.316826,10.915107
9.40082,10.915107
9.43937,10.915107
9.014404,10.915107
9.219539,10.915107
9.465187,11.002116
9.228972,10.819798
9.442164,10.71444
9.171718,10.71444
9.163234,10.71444
9.409182,10.59666
9.063557,10.71444
9.198929,10.657283
9.445915,10.72549
9.225262,10.633472
9.212259,10.633472
9.385061,10.532123
9.264622,10.518701
9.411425,10.434145
9.423448,10.59666
9.57016,10.532123
9.4007225,10.491302
9.482968,10.518701
9.406677,10.434145
9.501373,10.308986
9.20161,10.325515
9.288743,10.257694
9.4230585,10.341775
9.520475,10.221977
9.505521,10.308986
9.437563,10.2036295
9.538669,10.193728
9.1936865,10.043293
9.310645,10.021315
9.313076,10.021315
9.377051,10.021315
9.462662,9.998843
9.461838,9.998843
9.580927,9.407797
9.499702,10.584082
9.479791,10.308986
9.54059,10.341775
9.551596,9.928229
9.343207,10.71444
9.438919,10.126671
9.367373,10.389026
9.489494,9.903538
9.449033,9.928229
9.437208,10.896758
9.47294,10.993749
9.495526,10.915107
9.50641,11.608245
9.454752,11.407576
9.274959,11.512936
9.435218,11.512936
9.543875,10.043293
9.352991,10.509169
9.545792,10.363472
9.448417,9.64866
9.551452,10.064798
9.400076,10.579768
9.379961,10.308986
9.440478,10.673619
9.63654,10.239996
9.405157,10.933125
9.543699,11.156265
9.360078,10.558439
9.567903,10.504547
9.441103,9.852247
9.361501,9.792612
9.481905,11.512936
8.977644,11.302217
9.34272,9.615872
9.344302,9.615872
9.251404,9.903538
9.379783,9.852247
9.484719,10.59666
9.423317,8.518592
9.4306965,10.034559
9.471388,10.308986
9.481262,10.034559
9.460963,9.65509
9.301377,10.034559
9.440841,10.034559
9.322388,10.034559
9.503522,10.034559
9.411418,10.034559
9.431793,10.034559
9.420649,10.034559
9.321342,10.034559
9.464671,10.034559
9.440955,10.034559
9.599961,10.657283
